Priority,Format,Player,Nation / teams,Matches,Runs,Bat avg,Strike rate,Wickets,Economy,Role in the game now,Other roles,Role source,Bowling now,Bowling source,Why it is flagged,YOUR ROLE,YOUR BOWLING TYPE,YOUR NOTE
1 Left out of the game,ODI,PM Liyanagamage,Sri Lanka,10,,,,8,,(left out),,,(unknown),,LEFT OUT OF THE GAME: spin or pace needed,,,
1 Left out of the game,ODI,Blessing Mahwire,Zimbabwe,10,,,,7,,(left out),,,(unknown),,LEFT OUT OF THE GAME: spin or pace needed,,,
1 Left out of the game,ODI,Johannes van der Wath,South Africa,10,,,,13,,(left out),,,(unknown),,LEFT OUT OF THE GAME: spin or pace needed,,,
1 Left out of the game,ODI,Iain O'Brien,New Zealand,10,,,,14,,(left out),,,(unknown),,LEFT OUT OF THE GAME: spin or pace needed,,,
1 Left out of the game,ODI,Ronald Irani,England,10,,,,8,,(left out),,,(unknown),,LEFT OUT OF THE GAME: spin or pace needed,,,
1 Left out of the game,T20I,Aminul Islam Biplob,Bangladesh,10,,,,12,,(left out),,,(unknown),,LEFT OUT OF THE GAME: spin or pace needed,,,
1 Left out of the game,IPL,AM Ghazanfar,Mumbai Indians,11,,,,15,,(left out),,,(unknown),,LEFT OUT OF THE GAME: spin or pace needed,,,
1 Left out of the game,IPL,YA Abdulla,Punjab Kings,11,,,,15,,(left out),,,(unknown),,LEFT OUT OF THE GAME: spin or pace needed,,,
1 Left out of the game,IPL,S Kaushik,Gujarat Lions,10,,,,6,,(left out),,,(unknown),,LEFT OUT OF THE GAME: spin or pace needed,,,
1 Left out of the game,IPL,Zeeshan Ansari,Sunrisers Hyderabad,10,,,,6,,(left out),,,(unknown),,LEFT OUT OF THE GAME: spin or pace needed,,,
1 Left out of the game,IPL,Ashwani Kumar,Mumbai Indians,10,,,,17,,(left out),,,(unknown),,LEFT OUT OF THE GAME: spin or pace needed,,,
1 Left out of the game,IPL,J Theron,"Punjab Kings, Deccan Chargers, Rajasthan Royals",10,,,,9,,(left out),,,(unknown),,LEFT OUT OF THE GAME: spin or pace needed,,,
2 Check the role,ODI,Chris Gayle,West Indies,301,10480,37.83,87.2,167,4.79,opener,,match-data,spin,kaggle,takes many wickets but is listed as a batter,,,
2 Check the role,ODI,Angelo Mathews,Sri Lanka,226,5916,40.24,82.9,126,4.63,middle-order,,match-data,pace,kaggle,takes many wickets but is listed as a batter,,,
2 Check the role,ODI,Nathan Astle,New Zealand,223,7090,34.93,72.64,99,4.71,opener,middle-order,match-data,,,takes many wickets but is listed as a batter,,,
2 Check the role,ODI,Elton Chigumbura,Zimbabwe,213,4340,25.23,80.01,101,5.91,middle-order,,match-data,pace,kaggle,takes many wickets but is listed as a batter,,,
2 Check the role,ODI,Marlon Samuels,West Indies,207,5606,32.98,75.12,89,4.86,middle-order,,match-data,spin,kaggle,takes many wickets but is listed as a batter,,,
2 Check the role,ODI,Guy Whittall,Zimbabwe,147,2705,22.54,67.44,88,5.14,middle-order,,match-data,,,takes many wickets but is listed as a batter,,,
2 Check the role,ODI,Mitchell Santner,New Zealand,129,1648,27.02,92.12,139,4.75,spinner,,test-data,spin,test-data,bats well but is listed as a bowler,,,
2 Check the role,ODI,Kieron Pollard,West Indies,123,2706,26.02,94.42,55,5.7,middle-order,,match-data,pace,kaggle,takes many wickets but is listed as a batter,,,
2 Check the role,ODI,Darren Lehmann,Australia,117,3078,38.96,81.34,52,4.84,middle-order,,match-data,spin,wikidata,takes many wickets but is listed as a batter,,,
2 Check the role,ODI,Mitchell Marsh,Australia,105,3395,38.15,96.92,57,5.52,middle-order,opener,match-data,pace,kaggle,takes many wickets but is listed as a batter,,,
2 Check the role,ODI,Grant Elliott,New Zealand,83,1976,34.07,81.79,39,5.43,middle-order,,match-data,pace,kaggle,takes many wickets but is listed as a batter,,,
2 Check the role,ODI,James Faulkner,Australia,69,1032,34.4,104.14,96,5.53,fast-bowler,,kaggle,pace,kaggle,bats well but is listed as a bowler,,,
2 Check the role,ODI,Naeem Islam,Bangladesh,59,975,27.08,69.53,35,4.84,spinner,,kaggle,spin,kaggle,bats well but is listed as a bowler,,,
2 Check the role,ODI,Andre Russell,West Indies,56,1034,27.21,130.23,70,5.84,fast-bowler,,kaggle,pace,kaggle,bats well but is listed as a bowler,,,
2 Check the role,ODI,Travis Friend,Zimbabwe,51,548,16.12,78.11,37,5.53,middle-order,,match-data,,,takes many wickets but is listed as a batter,,,
2 Check the role,ODI,Henry Olonga,Zimbabwe,50,95,7.31,25,58,5.76,middle-order,,match-data,pace,test-data,takes many wickets but is listed as a batter,,,
2 Check the role,ODI,Sean Ervine,Zimbabwe,42,698,25.85,94.41,41,5.68,fast-bowler,,kaggle,pace,kaggle,bats well but is listed as a bowler,,,
2 Check the role,ODI,Liam Livingstone,England,39,932,31.07,108.57,25,6.09,middle-order,,match-data,spin,kaggle,takes many wickets but is listed as a batter,,,
2 Check the role,ODI,Mohammad Saifuddin,Bangladesh,30,362,36.2,85.71,42,5.87,fast-bowler,,kaggle,pace,kaggle,bats well but is listed as a bowler,,,
2 Check the role,ODI,John Hastings,Australia,29,271,27.1,99.27,42,5.07,fast-bowler,,kaggle,pace,kaggle,bats well but is listed as a bowler,,,
2 Check the role,ODI,Tom Curran,England,28,303,37.88,94.39,34,5.92,fast-bowler,,kaggle,pace,kaggle,bats well but is listed as a bowler,,,
2 Check the role,ODI,Chamika Karunaratne,Sri Lanka,26,451,25.06,78.43,24,5.64,fast-bowler,,kaggle,pace,kaggle,bats well but is listed as a bowler,,,
2 Check the role,ODI,Anwar Ali,Pakistan,22,321,29.18,90.63,18,6.11,fast-bowler,,kaggle,pace,kaggle,bats well but is listed as a bowler,,,
2 Check the role,T20I,Ryan Burl,Zimbabwe,129,2201,26.2,124.49,62,7.36,middle-order,,match-data,spin,kaggle,takes many wickets but is listed as a batter,,,
2 Check the role,T20I,Kieron Pollard,West Indies,101,1569,25.31,135.03,42,8.33,middle-order,,match-data,pace,kaggle,takes many wickets but is listed as a batter,,,
2 Check the role,T20I,Shivam Dube,India,77,1141,29.26,151.73,38,9.84,middle-order,,match-data,pace,kaggle,takes many wickets but is listed as a batter,,,
2 Check the role,T20I,Saim Ayub,Pakistan,67,1298,21.28,135.92,29,7.18,opener,,match-data,pace,kaggle,takes many wickets but is listed as a batter,,,"you said: not a pacer (please give spin, or no bowling type)"
2 Check the role,T20I,Ravichandran Ashwin,India,65,184,26.29,115,72,6.91,spinner,,kaggle,spin,kaggle,bats well but is listed as a bowler,,,
2 Check the role,T20I,Yuvraj Singh,India,58,1177,28.02,136.38,28,7.06,middle-order,,match-data,spin,kaggle,takes many wickets but is listed as a batter,,,
2 Check the role,T20I,Rachin Ravindra,New Zealand,52,759,20.51,135.54,26,6.98,middle-order,opener,match-data,spin,kaggle,takes many wickets but is listed as a batter,,,
2 Check the role,T20I,Mohammad Saifuddin,Bangladesh,51,298,21.29,122.63,57,8.56,fast-bowler,,kaggle,pace,kaggle,bats well but is listed as a bowler,,,
2 Check the role,T20I,Johan Botha,South Africa,40,201,18.27,121.82,37,6.38,spinner,,kaggle,spin,kaggle,bats well but is listed as a bowler,,,
2 Check the role,T20I,Graeme Swann,England,39,104,20.8,116.85,51,6.36,spinner,,test-data,spin,test-data,bats well but is listed as a bowler,,,
2 Check the role,T20I,Isuru Udana,Sri Lanka,35,256,18.29,137.63,27,8.7,fast-bowler,,kaggle,pace,kaggle,bats well but is listed as a bowler,,,
2 Check the role,T20I,Keemo Paul,West Indies,23,187,20.78,114.67,25,9.09,fast-bowler,,kaggle,pace,kaggle,bats well but is listed as a bowler,,,
2 Check the role,IPL,Pat Cummins,"Delhi Capitals, Kolkata Knight Riders, Sunrisers Hyderabad",80,642,19.45,152.49,87,8.89,fast-bowler,,test-data,pace,test-data,bats well but is listed as a bowler,,,
2 Check the role,IPL,Mitchell Marsh,"Sunrisers Hyderabad, Delhi Capitals, Lucknow Super Giants, Deccan Chargers, Pune Warriors, Rising Pune Supergiant",68,1855,30.92,148.52,37,8.52,middle-order,opener,match-data,pace,kaggle,takes many wickets but is listed as a batter,,,
2 Check the role,IPL,Harpreet Brar,Punjab Kings,51,249,20.75,120.87,37,8,spinner,,kaggle,spin,kaggle,bats well but is listed as a bowler,,,
2 Check the role,IPL,Bipul Sharma,"Sunrisers Hyderabad, Punjab Kings",33,187,23.38,152.03,17,8.06,spinner,,kaggle,spin,kaggle,bats well but is listed as a bowler,,,
3 Older ODI career,ODI,Sachin Tendulkar,India,463,18426,44.83,86.24,154,5.1,opener,,match-data,spin,kaggle,"career started before 2003, so the match data for his role is thin",,,
3 Older ODI career,ODI,Mahela Jayawardene,Sri Lanka,448,12650,33.38,78.96,8,5.64,middle-order,,match-data,pace,kaggle,"career started before 2003, so the match data for his role is thin",,,
3 Older ODI career,ODI,Sanath Jayasuriya,Sri Lanka,445,13430,32.36,91.2,323,4.79,all-rounder,spinner / opener,match-data,spin,kaggle,"career started before 2003, so the match data for his role is thin",,,
3 Older ODI career,ODI,Kumar Sangakkara,Sri Lanka,404,14234,41.99,78.86,0,,wicketkeeper,middle-order,test-data,spin,kaggle,"career started before 2003, so the match data for his role is thin",,,
3 Older ODI career,ODI,Inzamam-ul-Haq,Pakistan,378,11739,39.53,74.24,3,6.62,middle-order,,match-data,spin,kaggle,"career started before 2003, so the match data for his role is thin",,,
3 Older ODI career,ODI,Ricky Ponting,Australia,375,13704,42.04,80.39,3,4.16,middle-order,,match-data,pace,kaggle,"career started before 2003, so the match data for his role is thin",,,
3 Older ODI career,ODI,Wasim Akram,Pakistan,356,3717,16.52,88.31,502,3.9,fast-bowler,,test-data,pace,test-data,"career started before 2003, so the match data for his role is thin",,,
3 Older ODI career,ODI,Muttiah Muralitharan,Sri Lanka,350,674,6.88,83.64,534,3.93,spinner,,test-data,spin,test-data,"career started before 2003, so the match data for his role is thin",,,
3 Older ODI career,ODI,Rahul Dravid,India,344,10889,39.17,71.25,4,5.48,middle-order,,match-data,spin,kaggle,"career started before 2003, so the match data for his role is thin",,,
3 Older ODI career,ODI,Tillakaratne Dilshan,Sri Lanka,330,10290,39.27,86.22,106,4.88,opener,middle-order,match-data,spin,kaggle,"career started before 2003, so the match data for his role is thin",,,
3 Older ODI career,ODI,Jacques Kallis,South Africa,328,11579,44.36,72.89,273,4.84,all-rounder,fast-bowler / middle-order,match-data,pace,kaggle,"career started before 2003, so the match data for his role is thin",,,
3 Older ODI career,ODI,Chaminda Vaas,Sri Lanka,322,2025,13.68,72.35,400,4.19,fast-bowler,,test-data,pace,test-data,"career started before 2003, so the match data for his role is thin",,,
3 Older ODI career,ODI,Sourav Ganguly,India,311,11363,41.02,73.71,100,5.06,opener,middle-order,match-data,pace,kaggle,"career started before 2003, so the match data for his role is thin",,,
3 Older ODI career,ODI,Aravinda de Silva,Sri Lanka,308,9284,34.9,81.13,106,4.87,all-rounder,middle-order,match-data,,,"career started before 2003, so the match data for his role is thin",,,
3 Older ODI career,ODI,Yuvraj Singh,India,304,8701,36.56,87.69,111,5.1,middle-order,,match-data,spin,kaggle,"career started before 2003, so the match data for his role is thin",,,
3 Older ODI career,ODI,Shaun Pollock,South Africa,303,3519,26.46,86.7,393,3.68,all-rounder,fast-bowler / middle-order,match-data,pace,test-data,"career started before 2003, so the match data for his role is thin",,,
3 Older ODI career,ODI,Brian Lara,West Indies,299,10405,40.49,79.51,4,7.47,middle-order,,match-data,spin,kaggle,"career started before 2003, so the match data for his role is thin",,,
3 Older ODI career,ODI,Daniel Vettori,New Zealand,295,2253,17.33,82.98,305,4.13,spinner,,test-data,spin,test-data,"career started before 2003, so the match data for his role is thin",,,
3 Older ODI career,ODI,Mark Boucher,South Africa,295,4686,28.57,84.77,0,,wicketkeeper,middle-order,test-data,pace,kaggle,"career started before 2003, so the match data for his role is thin",,,
3 Older ODI career,ODI,Mohammad Yousuf,Pakistan,288,9720,41.72,75.1,1,3,middle-order,,match-data,spin,kaggle,"career started before 2003, so the match data for his role is thin",,,
3 Older ODI career,ODI,Adam Gilchrist,Australia,287,9619,35.89,96.95,0,,wicketkeeper,opener,test-data,spin,kaggle,"career started before 2003, so the match data for his role is thin",,,
3 Older ODI career,ODI,Shoaib Malik,Pakistan,287,7534,34.56,81.91,158,4.67,all-rounder,spinner / middle-order,match-data,spin,kaggle,"career started before 2003, so the match data for his role is thin",,,
3 Older ODI career,ODI,Stephen Fleming,New Zealand,280,8037,32.41,71.48,1,5.79,opener,,match-data,,,"career started before 2003, so the match data for his role is thin",,,
3 Older ODI career,ODI,Anil Kumble,India,271,903,10.38,42.52,337,4.31,spinner,,test-data,spin,test-data,"career started before 2003, so the match data for his role is thin",,,
3 Older ODI career,ODI,Marvan Atapattu,Sri Lanka,268,8529,37.57,67.72,0,4.82,middle-order,opener,match-data,spin,kaggle,"career started before 2003, so the match data for his role is thin",,,
3 Older ODI career,ODI,Shivnarine Chanderpaul,West Indies,268,8778,41.6,70.76,14,5.16,middle-order,opener,match-data,spin,kaggle,"career started before 2003, so the match data for his role is thin",,,
3 Older ODI career,ODI,Abdul Razzaq,Pakistan,265,5080,29.71,81.25,269,4.7,all-rounder,middle-order,match-data,,,"career started before 2003, so the match data for his role is thin",,,
3 Older ODI career,ODI,Younis Khan,Pakistan,265,7249,31.25,75.28,3,6.08,middle-order,,match-data,pace,kaggle,"career started before 2003, so the match data for his role is thin",,,
3 Older ODI career,ODI,Waqar Younis,Pakistan,262,969,10.31,73.91,416,4.69,fast-bowler,,test-data,pace,test-data,"career started before 2003, so the match data for his role is thin",,,
3 Older ODI career,ODI,Brendon McCullum,New Zealand,260,6083,30.42,96.37,0,,wicketkeeper,middle-order / opener,test-data,spin,kaggle,"career started before 2003, so the match data for his role is thin",,,
3 Older ODI career,ODI,Virender Sehwag,India,251,8273,35.06,104.33,94,5.23,opener,,match-data,spin,kaggle,"career started before 2003, so the match data for his role is thin",,,
3 Older ODI career,ODI,Chris Harris,New Zealand,250,4379,29,66.52,203,4.28,all-rounder,middle-order,match-data,,,"career started before 2003, so the match data for his role is thin",,,
3 Older ODI career,ODI,Glenn McGrath,Australia,250,115,3.97,43.9,381,3.88,fast-bowler,,test-data,pace,test-data,"career started before 2003, so the match data for his role is thin",,,
3 Older ODI career,ODI,Herschelle Gibbs,South Africa,248,8094,36.13,83.26,0,,opener,middle-order,match-data,pace,kaggle,"career started before 2003, so the match data for his role is thin",,,
3 Older ODI career,ODI,Saeed Anwar,Pakistan,247,8824,39.22,80.67,6,4.74,opener,,match-data,spin,wikidata,"career started before 2003, so the match data for his role is thin",,,
3 Older ODI career,ODI,Jonty Rhodes,South Africa,245,5935,35.12,80.9,0,1.71,middle-order,,match-data,pace,kaggle,"career started before 2003, so the match data for his role is thin",,,
3 Older ODI career,ODI,Harbhajan Singh,India,236,1237,13.3,81.65,269,4.31,spinner,,test-data,spin,test-data,"career started before 2003, so the match data for his role is thin",,,
3 Older ODI career,ODI,Michael Bevan,Australia,232,6912,53.58,74.16,36,5.05,middle-order,,match-data,spin,kaggle,"career started before 2003, so the match data for his role is thin",,,
3 Older ODI career,ODI,Javagal Srinath,India,229,883,10.64,38.27,315,4.45,fast-bowler,,test-data,pace,test-data,"career started before 2003, so the match data for his role is thin",,,
3 Older ODI career,ODI,Carl Hooper,West Indies,227,5761,35.34,76.64,193,4.36,all-rounder,spinner / middle-order,match-data,spin,test-data,"career started before 2003, so the match data for his role is thin",,,
3 Older ODI career,ODI,Brett Lee,Australia,221,1176,17.82,83.58,380,4.76,fast-bowler,,test-data,pace,test-data,"career started before 2003, so the match data for his role is thin",,,
3 Older ODI career,ODI,Grant Flower,Zimbabwe,221,6571,33.53,67.58,104,4.64,all-rounder,spinner / middle-order,match-data,spin,wikidata,"career started before 2003, so the match data for his role is thin",,,
3 Older ODI career,ODI,Mashrafe Mortaza,Bangladesh,220,1787,13.75,87.56,270,4.89,fast-bowler,,test-data,pace,test-data,"career started before 2003, so the match data for his role is thin",,,
3 Older ODI career,ODI,Moin Khan,Pakistan,219,3266,23,81.3,0,,wicketkeeper,middle-order,test-data,,,"career started before 2003, so the match data for his role is thin",,,
3 Older ODI career,ODI,Chris Cairns,New Zealand,215,4950,29.46,84.37,201,4.84,all-rounder,middle-order,match-data,,,"career started before 2003, so the match data for his role is thin",,,
3 Older ODI career,ODI,Andy Flower,Zimbabwe,213,6786,35.34,74.6,0,4.6,wicketkeeper,middle-order,test-data,,,"career started before 2003, so the match data for his role is thin",,,
3 Older ODI career,ODI,Hamilton Masakadza,Zimbabwe,209,5658,27.74,73.21,39,5.32,opener,middle-order,match-data,pace,kaggle,"career started before 2003, so the match data for his role is thin",,,
3 Older ODI career,ODI,Damien Martyn,Australia,208,5346,40.81,77.74,12,5.32,middle-order,,match-data,pace,kaggle,"career started before 2003, so the match data for his role is thin",,,
3 Older ODI career,ODI,Hashan Tillakaratne,Sri Lanka,200,3789,29.6,57.51,6,4.7,wicketkeeper,middle-order,test-data,,,"career started before 2003, so the match data for his role is thin",,,
3 Older ODI career,ODI,Zaheer Khan,India,200,753,11.58,71.28,282,4.93,fast-bowler,,test-data,pace,test-data,"career started before 2003, so the match data for his role is thin",,,
3 Older ODI career,ODI,Andrew Symonds,Australia,198,5088,39.75,92.44,133,5.01,all-rounder,fast-bowler / middle-order,match-data,pace,kaggle,"career started before 2003, so the match data for his role is thin",,,
3 Older ODI career,ODI,Craig McMillan,New Zealand,197,4707,28.19,75.93,49,5.48,middle-order,,match-data,pace,kaggle,"career started before 2003, so the match data for his role is thin",,,
3 Older ODI career,ODI,Graeme Smith,South Africa,197,6989,37.98,80.82,18,5.56,opener,,match-data,spin,kaggle,"career started before 2003, so the match data for his role is thin",,,
3 Older ODI career,ODI,Paul Collingwood,England,197,5092,35.36,76.99,111,4.97,all-rounder,fast-bowler / middle-order,match-data,pace,kaggle,"career started before 2003, so the match data for his role is thin",,,
3 Older ODI career,ODI,James Anderson,England,194,273,7.58,51,269,4.92,fast-bowler,,test-data,pace,test-data,"career started before 2003, so the match data for his role is thin",,,
3 Older ODI career,ODI,Shane Warne,Australia,194,1018,13.05,72.05,293,4.25,spinner,,test-data,spin,test-data,"career started before 2003, so the match data for his role is thin",,,
3 Older ODI career,ODI,Ajit Agarkar,India,191,1269,14.59,80.62,288,5.07,fast-bowler,,kaggle,pace,kaggle,"career started before 2003, so the match data for his role is thin",,,
3 Older ODI career,ODI,Shane Watson,Australia,190,5757,40.54,90.45,168,4.96,all-rounder,fast-bowler / opener / middle-order,match-data,pace,kaggle,"career started before 2003, so the match data for his role is thin",,,
3 Older ODI career,ODI,Heath Streak,Zimbabwe,189,2943,28.3,73.43,239,4.52,all-rounder,middle-order,match-data,,,"career started before 2003, so the match data for his role is thin",all-rounder,pace,"you said: all-rounder, also a fast bowler"
3 Older ODI career,ODI,Romesh Kaluwitharana,Sri Lanka,189,3711,22.22,77.7,0,,wicketkeeper,opener,test-data,,,"career started before 2003, so the match data for his role is thin",,,
3 Older ODI career,ODI,Alistair Campbell,Zimbabwe,188,5185,30.5,66.19,12,5.12,opener,,match-data,,,"career started before 2003, so the match data for his role is thin",,,
3 Older ODI career,ODI,Scott Styris,New Zealand,188,4483,32.49,79.39,137,4.75,all-rounder,fast-bowler / middle-order,match-data,pace,kaggle,"career started before 2003, so the match data for his role is thin",,,
3 Older ODI career,ODI,Gary Kirsten,South Africa,185,6798,40.95,72.04,0,4.6,opener,,match-data,,,"career started before 2003, so the match data for his role is thin",,,
3 Older ODI career,ODI,Ramnaresh Sarwan,West Indies,181,5804,42.68,75.74,16,6.05,middle-order,,match-data,spin,kaggle,"career started before 2003, so the match data for his role is thin",,,
3 Older ODI career,ODI,Russel Arnold,Sri Lanka,180,3950,35.27,72.57,40,4.84,middle-order,,match-data,spin,kaggle,"career started before 2003, so the match data for his role is thin",,,
3 Older ODI career,ODI,Mohammad Ashraful,Bangladesh,177,3468,22.23,70.09,18,5.69,middle-order,,match-data,spin,kaggle,"career started before 2003, so the match data for his role is thin",,,
3 Older ODI career,ODI,Makhaya Ntini,South Africa,173,199,8.65,70.63,266,4.53,fast-bowler,,test-data,pace,test-data,"career started before 2003, so the match data for his role is thin",,,
3 Older ODI career,ODI,Alec Stewart,England,170,4677,31.6,68.37,0,,wicketkeeper,middle-order,test-data,,,"career started before 2003, so the match data for his role is thin",,,
3 Older ODI career,ODI,Kyle Mills,New Zealand,170,1047,15.63,81.67,240,4.73,fast-bowler,,test-data,pace,test-data,"career started before 2003, so the match data for his role is thin",,,
3 Older ODI career,ODI,Saqlain Mushtaq,Pakistan,169,711,11.85,43.59,288,4.29,spinner,,test-data,spin,test-data,"career started before 2003, so the match data for his role is thin",,,
3 Older ODI career,ODI,Rashid Latif,Pakistan,166,1709,19.42,76.4,0,,wicketkeeper,middle-order,test-data,,,"career started before 2003, so the match data for his role is thin",,,
3 Older ODI career,ODI,Allan Donald,South Africa,164,95,4.32,,272,4.15,fast-bowler,,test-data,pace,test-data,"career started before 2003, so the match data for his role is thin",,,
3 Older ODI career,ODI,Shoaib Akhtar,Pakistan,163,361,8.8,88.21,247,4.77,fast-bowler,,test-data,pace,test-data,"career started before 2003, so the match data for his role is thin",,,
3 Older ODI career,ODI,Misbah-ul-Haq,Pakistan,162,5122,43.41,73.75,0,7.5,middle-order,,match-data,spin,kaggle,"career started before 2003, so the match data for his role is thin",,,
3 Older ODI career,ODI,Matthew Hayden,Australia,161,6133,43.81,78.96,0,18,opener,,match-data,pace,kaggle,"career started before 2003, so the match data for his role is thin",,,
3 Older ODI career,ODI,Jacob Oram,New Zealand,160,2434,24.1,86.62,173,4.38,fast-bowler,,kaggle,pace,kaggle,"career started before 2003, so the match data for his role is thin",,,
3 Older ODI career,ODI,Darren Gough,England,159,609,12.43,69.54,235,4.4,fast-bowler,,test-data,pace,test-data,"career started before 2003, so the match data for his role is thin",,,
3 Older ODI career,ODI,Kamran Akmal,Pakistan,157,3236,26.1,83.94,0,,wicketkeeper,middle-order / opener,test-data,,,"career started before 2003, so the match data for his role is thin",,,
3 Older ODI career,ODI,Tatenda Taibu,Zimbabwe,150,3393,29.25,67.59,2,4.36,wicketkeeper,middle-order,test-data,pace,kaggle,"career started before 2003, so the match data for his role is thin",,,
3 Older ODI career,ODI,Dilhara Fernando,Sri Lanka,147,239,9.19,68.09,187,5.21,fast-bowler,,test-data,pace,test-data,"career started before 2003, so the match data for his role is thin",,,
3 Older ODI career,ODI,Ridley Jacobs,West Indies,147,1865,23.31,70.09,0,,wicketkeeper,middle-order,kaggle,,,"career started before 2003, so the match data for his role is thin",,,
3 Older ODI career,ODI,Upul Chandana,Sri Lanka,147,1627,17.31,72.99,151,4.71,spinner,,kaggle,spin,kaggle,"career started before 2003, so the match data for his role is thin",,,
3 Older ODI career,ODI,Mushtaq Ahmed,Pakistan,144,399,9.5,,161,4.26,spinner,,test-data,spin,test-data,"career started before 2003, so the match data for his role is thin",,,
3 Older ODI career,ODI,Andrew Flintoff,England,141,3394,32.02,88.82,169,4.4,all-rounder,fast-bowler / middle-order,match-data,pace,kaggle,"career started before 2003, so the match data for his role is thin",,,
3 Older ODI career,ODI,Brad Haddin,Australia,126,3122,31.54,84.24,0,,wicketkeeper,middle-order / opener,test-data,,,"career started before 2003, so the match data for his role is thin",,,
3 Older ODI career,ODI,Khaled Mashud,Bangladesh,126,1818,21.9,54.81,0,,wicketkeeper,middle-order,kaggle,pace,kaggle,"career started before 2003, so the match data for his role is thin",,,
3 Older ODI career,ODI,Mohammad Kaif,India,125,2753,32.01,72.01,0,,middle-order,,match-data,spin,kaggle,"career started before 2003, so the match data for his role is thin",,,
3 Older ODI career,ODI,Mohammad Rafique,Bangladesh,125,1191,13.38,71.49,125,4.43,spinner,,test-data,spin,test-data,"career started before 2003, so the match data for his role is thin",,,
3 Older ODI career,ODI,Brad Hogg,Australia,123,790,20.26,80.67,156,4.52,spinner,,kaggle,spin,kaggle,"career started before 2003, so the match data for his role is thin",,,
3 Older ODI career,ODI,Marcus Trescothick,England,123,4335,37.37,85.22,4,5.66,wicketkeeper,opener,test-data,pace,kaggle,"career started before 2003, so the match data for his role is thin",,,
3 Older ODI career,ODI,Ashish Nehra,India,120,140,5.83,52.63,157,5.2,fast-bowler,,kaggle,pace,kaggle,"career started before 2003, so the match data for his role is thin",,,
3 Older ODI career,ODI,Wavell Hinds,West Indies,119,2880,28.51,65.56,28,5.31,opener,middle-order,match-data,pace,kaggle,"career started before 2003, so the match data for his role is thin",,,
3 Older ODI career,ODI,Nathan Bracken,Australia,116,199,11.71,66.16,174,4.42,fast-bowler,,kaggle,pace,kaggle,"career started before 2003, so the match data for his role is thin",,,
3 Older ODI career,ODI,Stuart Matsikenyeri,Zimbabwe,113,2224,22.02,72.4,16,5.07,middle-order,opener,match-data,spin,kaggle,"career started before 2003, so the match data for his role is thin",,,
3 Older ODI career,ODI,Habibul Bashar,Bangladesh,111,2168,21.68,60.44,1,4.87,middle-order,,match-data,spin,kaggle,"career started before 2003, so the match data for his role is thin",,,
3 Older ODI career,ODI,Stuart Carlisle,Zimbabwe,111,2740,27.68,63.35,0,,opener,,match-data,,,"career started before 2003, so the match data for his role is thin",,,
3 Older ODI career,ODI,James Franklin,New Zealand,110,1270,23.96,76.92,81,5.23,fast-bowler,,kaggle,pace,kaggle,"career started before 2003, so the match data for his role is thin",,,
3 Older ODI career,ODI,Ricardo Powell,West Indies,109,2085,24.82,96.66,11,6.23,middle-order,,match-data,pace,kaggle,"career started before 2003, so the match data for his role is thin",,,
3 Older ODI career,ODI,Boeta Dippenaar,South Africa,107,3421,42.23,67.78,0,,opener,middle-order,match-data,,,"career started before 2003, so the match data for his role is thin",,,
3 Older ODI career,ODI,Lou Vincent,New Zealand,102,2413,27.11,69.92,1,7.5,opener,middle-order,match-data,pace,kaggle,"career started before 2003, so the match data for his role is thin",,,
3 Older ODI career,ODI,Ray Price,Zimbabwe,102,406,9.67,59.77,100,3.99,spinner,,test-data,spin,test-data,"career started before 2003, so the match data for his role is thin",,,
3 Older ODI career,ODI,Nicholas Knight,England,100,3637,40.41,71.54,0,,opener,,match-data,,,"career started before 2003, so the match data for his role is thin",,,
3 Older ODI career,ODI,Jason Gillespie,Australia,97,289,12.57,105.5,142,4.21,fast-bowler,,test-data,pace,test-data,"career started before 2003, so the match data for his role is thin",,,
3 Older ODI career,ODI,Daryl Tuffey,New Zealand,94,295,9.52,96.91,110,4.89,fast-bowler,,kaggle,pace,kaggle,"career started before 2003, so the match data for his role is thin",,,
3 Older ODI career,ODI,Craig Wishart,Zimbabwe,90,1719,23.23,70.57,0,6,opener,middle-order,match-data,,,"career started before 2003, so the match data for his role is thin",,,
3 Older ODI career,ODI,Andrew Hall,South Africa,88,905,21.05,85.81,95,4.52,fast-bowler,,kaggle,pace,kaggle,"career started before 2003, so the match data for his role is thin",,,
3 Older ODI career,ODI,Nasser Hussain,England,88,2332,30.29,66.99,0,,middle-order,,match-data,,,"career started before 2003, so the match data for his role is thin",,,
3 Older ODI career,ODI,Mohammad Sami,Pakistan,87,314,11.63,68.91,121,5,fast-bowler,,kaggle,pace,kaggle,"career started before 2003, so the match data for his role is thin",,,
3 Older ODI career,ODI,Michael Vaughan,England,86,1982,27.15,68.39,16,4.89,middle-order,opener,match-data,spin,kaggle,"career started before 2003, so the match data for his role is thin",,,
3 Older ODI career,ODI,V V S Laxman,India,86,2338,30.76,71.24,0,5.71,middle-order,,match-data,,,"career started before 2003, so the match data for his role is thin",,,
3 Older ODI career,ODI,Justin Kemp,South Africa,85,1512,31.5,83.12,29,4.69,middle-order,,match-data,pace,kaggle,"career started before 2003, so the match data for his role is thin",,,
3 Older ODI career,ODI,Corey Collymore,West Indies,84,104,5.78,55.71,83,4.31,fast-bowler,,kaggle,pace,kaggle,"career started before 2003, so the match data for his role is thin",,,
3 Older ODI career,ODI,Dion Ebrahim,Zimbabwe,82,1443,20.61,56.79,0,13.2,middle-order,opener,match-data,,,"career started before 2003, so the match data for his role is thin",,,
3 Older ODI career,ODI,Graham Thorpe,England,82,2380,37.19,71.17,2,4.85,middle-order,,match-data,,,"career started before 2003, so the match data for his role is thin",,,
3 Older ODI career,ODI,Shane Bond,New Zealand,82,292,16.22,65.04,147,4.29,fast-bowler,,test-data,pace,test-data,"career started before 2003, so the match data for his role is thin",,,
3 Older ODI career,ODI,Andre Nel,South Africa,79,127,12.7,78.85,106,4.63,fast-bowler,,kaggle,pace,kaggle,"career started before 2003, so the match data for his role is thin",,,
3 Older ODI career,ODI,Graeme Swann,England,79,500,13.89,92.05,104,4.55,spinner,,test-data,spin,test-data,"career started before 2003, so the match data for his role is thin",,,
3 Older ODI career,ODI,Imran Nazir,Pakistan,79,1895,24.61,81.02,1,5.88,opener,,match-data,spin,kaggle,"career started before 2003, so the match data for his role is thin",,,
3 Older ODI career,ODI,Robin Peterson,South Africa,79,556,20.59,83.41,75,4.91,spinner,,kaggle,spin,kaggle,"career started before 2003, so the match data for his role is thin",,,
3 Older ODI career,ODI,Khaled Mahmud,Bangladesh,77,991,14.36,60.6,67,5.08,fast-bowler,,kaggle,pace,kaggle,"career started before 2003, so the match data for his role is thin",,,
3 Older ODI career,ODI,Chamara Silva,Sri Lanka,75,1587,28.85,70.41,1,4.71,middle-order,,match-data,spin,kaggle,"career started before 2003, so the match data for his role is thin",,,
3 Older ODI career,ODI,Ian Harvey,Australia,73,715,17.88,91.84,85,4.72,fast-bowler,,kaggle,pace,kaggle,"career started before 2003, so the match data for his role is thin",,,
3 Older ODI career,ODI,Charl Langeveldt,South Africa,72,73,6.64,58.82,100,5.09,fast-bowler,,kaggle,pace,kaggle,"career started before 2003, so the match data for his role is thin",,,
3 Older ODI career,ODI,Owais Shah,England,71,1834,30.57,78.68,7,5.72,middle-order,,match-data,spin,kaggle,"career started before 2003, so the match data for his role is thin",,,
3 Older ODI career,ODI,Gary Brent,Zimbabwe,70,408,12,64.43,75,4.91,fast-bowler,,kaggle,pace,kaggle,"career started before 2003, so the match data for his role is thin",,,
3 Older ODI career,ODI,Alok Kapali,Bangladesh,69,1235,19.6,68.01,24,5.19,middle-order,,match-data,spin,kaggle,"career started before 2003, so the match data for his role is thin",,,
3 Older ODI career,ODI,Andy Bichel,Australia,67,471,20.48,89.9,78,4.54,fast-bowler,,kaggle,pace,kaggle,"career started before 2003, so the match data for his role is thin",,,
3 Older ODI career,ODI,Neil McKenzie,South Africa,64,1688,37.51,69.41,0,3.52,middle-order,,match-data,,,"career started before 2003, so the match data for his role is thin",,,
3 Older ODI career,ODI,Ashley Giles,England,62,385,17.5,75.79,55,4.35,spinner,,test-data,spin,test-data,"career started before 2003, so the match data for his role is thin",,,
3 Older ODI career,ODI,Avishka Gunawardene,Sri Lanka,61,1708,28.47,71.49,0,,opener,,match-data,,,"career started before 2003, so the match data for his role is thin",,,
3 Older ODI career,ODI,Javed Omar,Bangladesh,59,1312,23.85,51.86,0,8.25,opener,,match-data,spin,kaggle,"career started before 2003, so the match data for his role is thin",,,
3 Older ODI career,ODI,Imran Farhat,Pakistan,58,1719,30.7,69.06,6,5.69,opener,,match-data,spin,kaggle,"career started before 2003, so the match data for his role is thin",,,
3 Older ODI career,ODI,Nathan Hauritz,Australia,58,336,22.4,95.47,63,4.74,spinner,,test-data,spin,test-data,"career started before 2003, so the match data for his role is thin",,,
3 Older ODI career,ODI,Steve Harmison,England,58,91,8.27,60.15,76,5.13,fast-bowler,,test-data,pace,test-data,"career started before 2003, so the match data for his role is thin",,,
3 Older ODI career,ODI,Dinesh Mongia,India,57,1230,27.95,71.47,14,5.35,middle-order,,match-data,spin,wikidata,"career started before 2003, so the match data for his role is thin",,,
3 Older ODI career,ODI,Runako Morton,West Indies,56,1519,33.76,66.36,0,2,middle-order,opener,match-data,,,"career started before 2003, so the match data for his role is thin",,,
3 Older ODI career,ODI,Tapash Baisya,Bangladesh,56,336,12,53.3,59,5.64,fast-bowler,,kaggle,pace,kaggle,"career started before 2003, so the match data for his role is thin",,,
3 Older ODI career,ODI,Daren Powell,West Indies,55,118,5.36,77.21,71,4.71,fast-bowler,,kaggle,pace,kaggle,"career started before 2003, so the match data for his role is thin",,,
3 Older ODI career,ODI,Andy Blignaut,Zimbabwe,54,626,18.97,110.94,50,5.27,fast-bowler,,kaggle,pace,kaggle,"career started before 2003, so the match data for his role is thin",,,
3 Older ODI career,ODI,Matthew Sinclair,New Zealand,54,1304,28.35,62.51,0,,middle-order,,match-data,,,"career started before 2003, so the match data for his role is thin",,,
3 Older ODI career,ODI,Thilan Samaraweera,Sri Lanka,53,862,27.81,75.17,11,4.63,middle-order,,match-data,spin,kaggle,"career started before 2003, so the match data for his role is thin",,,
3 Older ODI career,ODI,Ashwell Prince,South Africa,52,1018,35.1,67.78,0,1.5,middle-order,,match-data,spin,kaggle,"career started before 2003, so the match data for his role is thin",,,
3 Older ODI career,ODI,Vikram Solanki,England,51,1097,26.76,72.94,1,5.68,opener,middle-order,match-data,,,"career started before 2003, so the match data for his role is thin",,,
3 Older ODI career,ODI,Saleem Elahi,Pakistan,48,1579,36.72,71.32,0,10,middle-order,,match-data,,,"career started before 2003, so the match data for his role is thin",,,
3 Older ODI career,ODI,Courtney Browne,West Indies,46,415,17.29,85.71,0,,wicketkeeper,middle-order,test-data,,,"career started before 2003, so the match data for his role is thin",,,
3 Older ODI career,ODI,Simon Katich,Australia,45,1324,35.78,68.74,0,,opener,,match-data,spin,kaggle,"career started before 2003, so the match data for his role is thin",,,
3 Older ODI career,ODI,Akram Khan,Bangladesh,44,976,23.24,58.16,0,7.08,middle-order,,match-data,,,"career started before 2003, so the match data for his role is thin",,,
3 Older ODI career,ODI,Mark Vermeulen,Zimbabwe,43,868,22.26,65.86,1,6,middle-order,opener,match-data,,,"career started before 2003, so the match data for his role is thin",,,
3 Older ODI career,ODI,Michael Kasprowicz,Australia,43,74,18.5,55,67,4.51,fast-bowler,,kaggle,pace,kaggle,"career started before 2003, so the match data for his role is thin",,,
3 Older ODI career,ODI,Gavin Rennie,Zimbabwe,42,635,20.48,40,2,4.67,middle-order,,match-data,spin,wikidata,"career started before 2003, so the match data for his role is thin",,,
3 Older ODI career,ODI,Tushar Imran,Bangladesh,41,574,14.35,54.35,1,4.9,middle-order,,match-data,,,"career started before 2003, so the match data for his role is thin",,,
3 Older ODI career,ODI,Hemang Badani,India,40,867,33.35,77.59,3,4.89,middle-order,,match-data,spin,wikidata,"career started before 2003, so the match data for his role is thin",,,
3 Older ODI career,ODI,Jehan Mubarak,Sri Lanka,40,704,22.71,65.8,2,4.42,middle-order,opener,match-data,,,"career started before 2003, so the match data for his role is thin",,,
3 Older ODI career,ODI,Christopher Nevin,New Zealand,37,732,20.33,58.87,0,,opener,,match-data,,,"career started before 2003, so the match data for his role is thin",,,
3 Older ODI career,ODI,Murali Kartik,India,37,126,14,76.69,37,5.07,spinner,,kaggle,spin,kaggle,"career started before 2003, so the match data for his role is thin",,,
3 Older ODI career,ODI,Roger Telemachus,South Africa,37,73,6.08,205,56,4.9,fast-bowler,,kaggle,pace,kaggle,"career started before 2003, so the match data for his role is thin",,,
3 Older ODI career,ODI,Chris Read,England,36,300,17.65,72.22,0,,wicketkeeper,middle-order,kaggle,,,"career started before 2003, so the match data for his role is thin",,,
3 Older ODI career,ODI,Darren Ganga,West Indies,35,843,25.55,51.88,0,24,opener,,match-data,,,"career started before 2003, so the match data for his role is thin",,,
3 Older ODI career,ODI,Ian Blackwell,England,34,403,14.93,69.19,24,4.28,spinner,,wikidata,spin,wikidata,"career started before 2003, so the match data for his role is thin",,,
3 Older ODI career,ODI,Lakshmipathy Balaji,India,30,120,12,80.62,34,5.57,fast-bowler,,kaggle,pace,kaggle,"career started before 2003, so the match data for his role is thin",,,
3 Older ODI career,ODI,Pedro Collins,West Indies,30,30,4.29,30,39,4.61,fast-bowler,,kaggle,pace,kaggle,"career started before 2003, so the match data for his role is thin",,,
3 Older ODI career,ODI,Al Sahariar,Bangladesh,29,374,13.36,44.9,0,,opener,,match-data,spin,wikidata,"career started before 2003, so the match data for his role is thin",,,
3 Older ODI career,ODI,Mushfiqur Rahman,Bangladesh,28,360,16.36,51.49,19,4.43,fast-bowler,,kaggle,pace,kaggle,"career started before 2003, so the match data for his role is thin",,,
3 Older ODI career,ODI,Rawl Lewis,West Indies,28,291,18.19,107.2,22,5.13,spinner,,wikidata,spin,wikidata,"career started before 2003, so the match data for his role is thin",,,
3 Older ODI career,ODI,Justin Ontong,South Africa,27,184,14.15,74.05,9,4.42,middle-order,,match-data,spin,kaggle,"career started before 2003, so the match data for his role is thin",,,
3 Older ODI career,ODI,Sanwar Hossain,Bangladesh,27,290,11.6,57.79,10,5.12,middle-order,,match-data,,,"career started before 2003, so the match data for his role is thin",,,
3 Older ODI career,ODI,Ian Butler,New Zealand,26,84,10.5,62.4,28,5.62,fast-bowler,,kaggle,pace,kaggle,"career started before 2003, so the match data for his role is thin",,,
3 Older ODI career,ODI,James Maher,Australia,26,438,25.76,65.59,0,,middle-order,,match-data,,,"career started before 2003, so the match data for his role is thin",,,
3 Older ODI career,ODI,Matthew Hoggard,England,26,17,4.25,45.45,32,5.29,fast-bowler,,test-data,pace,test-data,"career started before 2003, so the match data for his role is thin",,,
3 Older ODI career,ODI,Ryan Sidebottom,England,25,133,13.3,68.13,29,4.88,fast-bowler,,kaggle,pace,kaggle,"career started before 2003, so the match data for his role is thin",,,
3 Older ODI career,ODI,Paul Adams,South Africa,24,66,16.5,,29,4.41,spinner,,test-data,spin,test-data,"career started before 2003, so the match data for his role is thin",,,
3 Older ODI career,ODI,Taufeeq Umar,Pakistan,22,504,24,55.27,1,7.08,opener,,match-data,,,"career started before 2003, so the match data for his role is thin",,,
3 Older ODI career,ODI,Chris Martin,New Zealand,20,8,1.6,66.67,18,5.09,fast-bowler,,test-data,pace,test-data,"career started before 2003, so the match data for his role is thin",,,
3 Older ODI career,ODI,Hannan Sarkar,Bangladesh,20,383,19.15,55.45,0,26,opener,,match-data,pace,kaggle,"career started before 2003, so the match data for his role is thin",,,
3 Older ODI career,ODI,Shahriar Hossain,Bangladesh,20,362,19.05,0,0,,opener,,match-data,,,"career started before 2003, so the match data for his role is thin",,,
3 Older ODI career,ODI,Alan Dawson,South Africa,19,69,23,74.19,21,4.76,fast-bowler,,kaggle,pace,kaggle,"career started before 2003, so the match data for his role is thin",,,
3 Older ODI career,ODI,Ruchira Perera,Sri Lanka,19,8,1.6,55.56,19,5.54,spinner,,kaggle,spin,kaggle,"career started before 2003, so the match data for his role is thin",,,
3 Older ODI career,ODI,Danish Kaneria,Pakistan,18,12,6,60,15,4.8,spinner,,test-data,spin,test-data,"career started before 2003, so the match data for his role is thin",,,
3 Older ODI career,ODI,Faisal Iqbal,Pakistan,18,314,22.43,54.03,0,11,middle-order,,match-data,pace,kaggle,"career started before 2003, so the match data for his role is thin",,,
3 Older ODI career,ODI,Barney Rogers,Zimbabwe,15,478,31.87,72.11,6,5.94,opener,,match-data,,,"career started before 2003, so the match data for his role is thin",,,
3 Older ODI career,ODI,Kaushalya Weeraratne,Sri Lanka,15,160,20,87.59,6,4.81,middle-order,,match-data,pace,kaggle,"career started before 2003, so the match data for his role is thin",,,
3 Older ODI career,ODI,Sanjay Bangar,India,15,180,13.85,42.11,7,5.21,middle-order,,match-data,pace,kaggle,"career started before 2003, so the match data for his role is thin",,,
3 Older ODI career,ODI,Ryan Hinds,West Indies,14,101,16.83,42.11,6,5.16,middle-order,,match-data,spin,wikidata,"career started before 2003, so the match data for his role is thin",,,
3 Older ODI career,ODI,Adam Bacher,South Africa,13,270,20.77,58.29,3,3.56,opener,,match-data,,,"career started before 2003, so the match data for his role is thin",,,
3 Older ODI career,ODI,Sylvester Joseph,West Indies,13,161,16.1,51.33,0,,middle-order,,match-data,,,"career started before 2003, so the match data for his role is thin",,,
3 Older ODI career,ODI,Jai Yadav,India,12,81,20.25,46.15,6,4.94,fast-bowler,,kaggle,pace,kaggle,"career started before 2003, so the match data for his role is thin",,,
3 Older ODI career,ODI,Martin van Jaarsveld,South Africa,11,124,20.67,52.73,2,3.48,middle-order,,match-data,,,"career started before 2003, so the match data for his role is thin",,,
3 Older ODI career,ODI,Monde Zondeki,South Africa,11,4,1,33.33,11,5.24,fast-bowler,,kaggle,pace,kaggle,"career started before 2003, so the match data for his role is thin",,,
3 Older ODI career,ODI,Naved Latif,Pakistan,11,262,23.82,43.75,0,6.38,middle-order,,match-data,,,"career started before 2003, so the match data for his role is thin",,,
3 Older ODI career,ODI,Yasir Arafat,Pakistan,11,74,14.8,64.65,4,5.41,fast-bowler,,kaggle,pace,kaggle,"career started before 2003, so the match data for his role is thin",,,
3 Older ODI career,ODI,Gareth Batty,England,10,30,5,43.86,5,4.99,spinner,,kaggle,spin,kaggle,"career started before 2003, so the match data for his role is thin",,,
4 Weaker source,ODI,Nuwan Kulasekara,Sri Lanka,184,1327,15.43,81.46,199,4.9,fast-bowler,,kaggle,pace,kaggle,"role comes from kaggle, not from his matches",,,
4 Weaker source,ODI,Thisara Perera,Sri Lanka,166,2338,19.98,112.08,175,5.86,fast-bowler,,kaggle,pace,kaggle,"role comes from kaggle, not from his matches",,,
4 Weaker source,ODI,Adil Rashid,England,164,972,16.47,92.72,243,5.64,spinner,,kaggle,spin,kaggle,"role comes from kaggle, not from his matches",,,
4 Weaker source,ODI,Mitchell Johnson,Australia,153,951,16.12,95.7,239,4.84,fast-bowler,,kaggle,pace,kaggle,"role comes from kaggle, not from his matches",,,
4 Weaker source,ODI,Jason Holder,West Indies,138,2237,24.86,90.24,159,5.51,fast-bowler,,kaggle,pace,kaggle,"role comes from kaggle, not from his matches",,,
4 Weaker source,ODI,Moeen Ali,England,138,2355,24.28,98.17,111,5.32,spinner,,kaggle,spin,kaggle,"role comes from kaggle, not from his matches",,,
4 Weaker source,ODI,Adam Zampa,Australia,127,417,9.7,64.68,207,5.57,spinner,,kaggle,spin,kaggle,"role comes from kaggle, not from his matches",,,
4 Weaker source,ODI,Daren Sammy,West Indies,126,1871,24.95,100.05,81,4.66,fast-bowler,,kaggle,pace,kaggle,"role comes from kaggle, not from his matches",,,
4 Weaker source,ODI,Mehidy Hasan Miraz,Bangladesh,125,1889,23.91,75.74,131,4.71,spinner,,kaggle,spin,kaggle,"role comes from kaggle, not from his matches",,,
4 Weaker source,ODI,Bhuvneshwar Kumar,India,121,552,14.15,73.9,141,5.08,fast-bowler,,kaggle,pace,kaggle,"role comes from kaggle, not from his matches",,,
4 Weaker source,ODI,Irfan Pathan,India,120,1544,23.39,79.55,173,5.27,fast-bowler,,kaggle,pace,kaggle,"role comes from kaggle, not from his matches",,,
4 Weaker source,ODI,Ravichandran Ashwin,India,116,707,16.44,86.96,156,4.93,spinner,,kaggle,spin,kaggle,"role comes from kaggle, not from his matches",,,
4 Weaker source,ODI,Farveez Maharoof,Sri Lanka,109,1113,19.53,86.01,135,4.9,fast-bowler,,kaggle,pace,kaggle,"role comes from kaggle, not from his matches",,,
4 Weaker source,ODI,Dwayne Smith,West Indies,105,1560,18.57,92.69,61,5.03,fast-bowler,,kaggle,pace,kaggle,"role comes from kaggle, not from his matches",,,
4 Weaker source,ODI,Matthew Wade,Australia,97,1867,26.3,81.6,0,,wicketkeeper,middle-order,kaggle,pace,kaggle,"role comes from kaggle, not from his matches",,,
4 Weaker source,ODI,Dinesh Karthik,India,94,1752,30.21,73.24,0,,wicketkeeper,middle-order / opener,kaggle,,,"role comes from kaggle, not from his matches",,,
4 Weaker source,ODI,Ravi Rampaul,West Indies,92,362,12.48,77.17,117,5.11,fast-bowler,,kaggle,pace,kaggle,"role comes from kaggle, not from his matches",,,
4 Weaker source,ODI,Liam Plunkett,England,89,646,20.84,108.94,135,5.82,fast-bowler,,kaggle,pace,kaggle,"role comes from kaggle, not from his matches",,,
4 Weaker source,ODI,Ajantha Mendis,Sri Lanka,87,188,8.17,70.88,152,4.8,spinner,,kaggle,spin,kaggle,"role comes from kaggle, not from his matches",,,
4 Weaker source,ODI,Andile Phehlukwayo,South Africa,85,883,23.24,85.35,97,5.75,fast-bowler,,kaggle,pace,kaggle,"role comes from kaggle, not from his matches",,,
4 Weaker source,ODI,Luke Ronchi,New Zealand,85,1397,23.68,114.51,0,,wicketkeeper,middle-order / opener,kaggle,,,"role comes from kaggle, not from his matches",,,
4 Weaker source,ODI,Tim Bresnan,England,85,871,19.8,90.26,109,5.42,fast-bowler,,kaggle,pace,kaggle,"role comes from kaggle, not from his matches",,,
4 Weaker source,ODI,Chris Mpofu,Zimbabwe,84,57,2.85,23.95,93,5.43,fast-bowler,,kaggle,pace,kaggle,"role comes from kaggle, not from his matches",,,
4 Weaker source,ODI,Nathan McCullum,New Zealand,84,1070,20.98,87.7,63,5.02,spinner,,kaggle,spin,kaggle,"role comes from kaggle, not from his matches",,,
4 Weaker source,ODI,Johan Botha,South Africa,76,578,18.65,85.1,72,4.56,spinner,,kaggle,spin,kaggle,"role comes from kaggle, not from his matches",,,
4 Weaker source,ODI,Axar Patel,India,74,918,23.54,92.26,80,4.54,spinner,,kaggle,spin,kaggle,"role comes from kaggle, not from his matches",,,
4 Weaker source,ODI,David Willey,England,73,663,24.56,95.21,100,5.52,fast-bowler,,kaggle,pace,kaggle,"role comes from kaggle, not from his matches",,,
4 Weaker source,ODI,Wayne Parnell,South Africa,73,574,20.5,79.39,99,5.6,fast-bowler,,kaggle,pace,kaggle,"role comes from kaggle, not from his matches",,,
4 Weaker source,ODI,Yuzvendra Chahal,India,72,77,8.56,54.61,121,5.27,spinner,,kaggle,spin,kaggle,"role comes from kaggle, not from his matches",,,
4 Weaker source,ODI,Wanindu Hasaranga,Sri Lanka,71,1142,23.31,109.91,113,5.13,spinner,,kaggle,spin,kaggle,"role comes from kaggle, not from his matches",,,
4 Weaker source,ODI,Munaf Patel,India,70,74,6.73,66.07,86,4.95,fast-bowler,,kaggle,pace,kaggle,"role comes from kaggle, not from his matches",,,
4 Weaker source,ODI,Steven Finn,England,69,136,8,60.99,102,5.06,fast-bowler,,kaggle,pace,kaggle,"role comes from kaggle, not from his matches",,,
4 Weaker source,ODI,Hasan Ali,Pakistan,68,383,13.68,115.29,102,5.8,fast-bowler,,kaggle,pace,kaggle,"role comes from kaggle, not from his matches",,,
4 Weaker source,ODI,Matthew Prior,England,68,1282,24.19,76.77,0,,wicketkeeper,opener / middle-order,kaggle,,,"role comes from kaggle, not from his matches",,,
4 Weaker source,ODI,Praveen Kumar,India,68,292,13.9,88.22,77,5.13,fast-bowler,,kaggle,pace,kaggle,"role comes from kaggle, not from his matches",,,
4 Weaker source,ODI,Lockie Ferguson,New Zealand,65,122,7.18,51.69,99,5.68,fast-bowler,,kaggle,pace,kaggle,"role comes from kaggle, not from his matches",,,
4 Weaker source,ODI,Sunil Narine,West Indies,65,363,11,82.31,92,4.13,spinner,,kaggle,spin,kaggle,"role comes from kaggle, not from his matches",,,
4 Weaker source,ODI,Tinashe Panyangara,Zimbabwe,65,239,6.64,50,65,5.6,fast-bowler,,kaggle,pace,kaggle,"role comes from kaggle, not from his matches",,,
4 Weaker source,ODI,Ian Bradshaw,West Indies,62,287,12.48,62.56,78,4.35,fast-bowler,,kaggle,pace,kaggle,"role comes from kaggle, not from his matches",,,
4 Weaker source,ODI,Iftikhar Anjum,Pakistan,62,234,15.6,62.46,77,4.93,fast-bowler,,kaggle,pace,kaggle,"role comes from kaggle, not from his matches",,,
4 Weaker source,ODI,Sohail Tanvir,Pakistan,62,399,13.76,87.12,71,5.22,fast-bowler,,kaggle,pace,kaggle,"role comes from kaggle, not from his matches",,,
4 Weaker source,ODI,Dushmantha Chameera,Sri Lanka,61,303,11.65,59.71,70,5.55,fast-bowler,,kaggle,pace,kaggle,"role comes from kaggle, not from his matches",,,
4 Weaker source,ODI,Lonwabo Tsotsobe,South Africa,61,56,7,53.21,94,4.75,fast-bowler,,kaggle,pace,kaggle,"role comes from kaggle, not from his matches",,,
4 Weaker source,ODI,Maheesh Theekshana,Sri Lanka,61,344,16.38,50.99,81,4.56,spinner,,kaggle,spin,kaggle,"role comes from kaggle, not from his matches",,,
4 Weaker source,ODI,Nicholas Pooran,West Indies,61,1983,39.66,99.15,6,6.18,wicketkeeper,middle-order,kaggle,,,"role comes from kaggle, not from his matches",,,
4 Weaker source,ODI,Heinrich Klaasen,South Africa,60,2141,43.69,117.06,0,6.6,wicketkeeper,middle-order,kaggle,,,"role comes from kaggle, not from his matches",,,
4 Weaker source,ODI,Shafiul Islam,Bangladesh,60,134,6.09,55.23,70,5.97,fast-bowler,,kaggle,pace,kaggle,"role comes from kaggle, not from his matches",,,
4 Weaker source,ODI,Xavier Doherty,Australia,60,101,14.43,54.89,55,4.78,spinner,,kaggle,spin,kaggle,"role comes from kaggle, not from his matches",,,
4 Weaker source,ODI,Clinton McKay,Australia,59,190,9.05,56.38,97,4.78,fast-bowler,,kaggle,pace,kaggle,"role comes from kaggle, not from his matches",,,
4 Weaker source,ODI,Haris Rauf,Pakistan,59,108,7.2,73.76,107,5.79,fast-bowler,,kaggle,pace,kaggle,"role comes from kaggle, not from his matches",,,
4 Weaker source,ODI,Jeevan Mendis,Sri Lanka,58,636,18.71,81.68,28,5.15,spinner,,wikidata,spin,wikidata,"role comes from wikidata, not from his matches",,,
4 Weaker source,ODI,R P Singh,India,58,104,10.4,42.74,69,5.48,fast-bowler,,kaggle,pace,kaggle,"role comes from kaggle, not from his matches",,,
4 Weaker source,ODI,Albie Morkel,South Africa,56,760,24.52,99.58,47,5.42,fast-bowler,,kaggle,pace,kaggle,"role comes from kaggle, not from his matches",,,
4 Weaker source,ODI,Tabraiz Shamsi,South Africa,55,39,9.75,56.52,73,5.58,spinner,,kaggle,spin,kaggle,"role comes from kaggle, not from his matches",,,
4 Weaker source,ODI,Ashley Nurse,West Indies,54,502,19.31,100,49,5.35,spinner,,kaggle,spin,kaggle,"role comes from kaggle, not from his matches",,,
4 Weaker source,ODI,Ryan McLaren,South Africa,54,485,18.65,71.32,77,5.25,fast-bowler,,kaggle,pace,kaggle,"role comes from kaggle, not from his matches",,,
4 Weaker source,ODI,Adam Milne,New Zealand,50,180,12.86,87.8,57,5.42,fast-bowler,,kaggle,pace,kaggle,"role comes from kaggle, not from his matches",,,
4 Weaker source,ODI,Nikita Miller,West Indies,50,284,20.29,78.59,45,4.69,spinner,,kaggle,spin,kaggle,"role comes from kaggle, not from his matches",,,
4 Weaker source,ODI,Anamul Haque,Bangladesh,49,1352,29.39,74.78,0,,wicketkeeper,opener,kaggle,,,"role comes from kaggle, not from his matches",,,
4 Weaker source,ODI,Geraint Jones,England,49,815,24.7,81.62,0,,wicketkeeper,middle-order / opener,kaggle,,,"role comes from kaggle, not from his matches",,,
4 Weaker source,ODI,Peter Moor,Zimbabwe,49,827,20.68,68.15,0,,wicketkeeper,middle-order,kaggle,spin,kaggle,"role comes from kaggle, not from his matches",,,
4 Weaker source,ODI,Sachithra Senanayake,Sri Lanka,49,290,13.18,93.25,53,4.77,spinner,,kaggle,spin,kaggle,"role comes from kaggle, not from his matches",,,
4 Weaker source,ODI,Mitchell McClenaghan,New Zealand,48,108,27,78.26,82,5.94,fast-bowler,,kaggle,pace,kaggle,"role comes from kaggle, not from his matches",,,
4 Weaker source,ODI,Shardul Thakur,India,47,329,17.32,105.11,65,6.23,fast-bowler,,kaggle,pace,kaggle,"role comes from kaggle, not from his matches",,,
4 Weaker source,ODI,Craig Kieswetter,England,46,1054,30.11,89.93,0,,wicketkeeper,opener / middle-order,kaggle,spin,kaggle,"role comes from kaggle, not from his matches",,,
4 Weaker source,ODI,Faheem Ashraf,Pakistan,45,410,14.64,85.53,33,5.24,fast-bowler,,kaggle,pace,kaggle,"role comes from kaggle, not from his matches",,,
4 Weaker source,ODI,James Tredwell,England,45,163,11.64,67.36,60,4.75,spinner,,kaggle,spin,kaggle,"role comes from kaggle, not from his matches",,,
4 Weaker source,ODI,Carlos Brathwaite,West Indies,44,559,16.44,88.57,43,5.81,fast-bowler,,kaggle,pace,kaggle,"role comes from kaggle, not from his matches",,,
4 Weaker source,ODI,Mohammad Nawaz,Pakistan,44,538,21.52,87.68,49,5.12,spinner,,kaggle,spin,kaggle,"role comes from kaggle, not from his matches",,,
4 Weaker source,ODI,Sam Curran,England,44,668,22.27,89.52,43,6.16,fast-bowler,,kaggle,pace,kaggle,"role comes from kaggle, not from his matches",,,
4 Weaker source,ODI,Josh Inglis,Australia,43,1100,30.56,99.64,0,,wicketkeeper,middle-order,kaggle,,,"role comes from kaggle, not from his matches",,,
4 Weaker source,ODI,Luke Jongwe,Zimbabwe,43,430,13.87,80.56,40,5.68,fast-bowler,,kaggle,pace,kaggle,"role comes from kaggle, not from his matches",,,
4 Weaker source,ODI,Akila Dananjaya,Sri Lanka,42,323,12.42,72.79,59,5.13,spinner,,kaggle,spin,kaggle,"role comes from kaggle, not from his matches",,,
4 Weaker source,ODI,Chris Morris,South Africa,42,467,20.3,100.43,48,5.56,fast-bowler,,kaggle,pace,kaggle,"role comes from kaggle, not from his matches",,,
4 Weaker source,ODI,Gudakesh Motie,West Indies,42,429,20.43,91.99,51,4.8,spinner,,kaggle,spin,kaggle,"role comes from kaggle, not from his matches",,,
4 Weaker source,ODI,Romario Shepherd,West Indies,42,454,17.46,105.15,34,5.49,fast-bowler,,kaggle,pace,kaggle,"role comes from kaggle, not from his matches",,,
4 Weaker source,ODI,Akeal Hosein,West Indies,40,309,14.71,78.03,63,4.8,spinner,,kaggle,spin,kaggle,"role comes from kaggle, not from his matches",,,
4 Weaker source,ODI,Seekkuge Prasanna,Sri Lanka,40,421,12.38,95.46,32,5.45,spinner,,kaggle,spin,kaggle,"role comes from kaggle, not from his matches",,,
4 Weaker source,ODI,Tawanda Mupariwa,Zimbabwe,40,185,8.41,43.5,57,5.02,fast-bowler,,kaggle,pace,kaggle,"role comes from kaggle, not from his matches",,,
4 Weaker source,ODI,Doug Bollinger,Australia,39,50,8.33,92.59,62,4.58,fast-bowler,,kaggle,pace,kaggle,"role comes from kaggle, not from his matches",,,
4 Weaker source,ODI,Edward Rainsford,Zimbabwe,39,55,5.5,31.31,45,4.4,fast-bowler,,kaggle,pace,kaggle,"role comes from kaggle, not from his matches",,,
4 Weaker source,ODI,Stuart Clark,Australia,39,69,13.8,78.41,53,4.85,fast-bowler,,kaggle,pace,kaggle,"role comes from kaggle, not from his matches",,,
4 Weaker source,ODI,Nazmul Hossain,Bangladesh,38,35,4.38,19.48,44,5.04,fast-bowler,,kaggle,pace,kaggle,"role comes from kaggle, not from his matches",,,
4 Weaker source,ODI,Parthiv Patel,India,38,736,23.74,79.66,0,,wicketkeeper,opener / middle-order,kaggle,,,"role comes from kaggle, not from his matches",,,
4 Weaker source,ODI,Sheldon Cottrell,West Indies,38,88,11,67.69,52,5.87,fast-bowler,,kaggle,pace,kaggle,"role comes from kaggle, not from his matches",,,
4 Weaker source,ODI,Thilan Thushara,Sri Lanka,38,392,18.67,93.46,50,4.99,fast-bowler,,kaggle,pace,kaggle,"role comes from kaggle, not from his matches",,,
4 Weaker source,ODI,Dunith Wellalage,Sri Lanka,37,519,22.57,81.38,45,5.19,spinner,,kaggle,spin,kaggle,"role comes from kaggle, not from his matches",,,
4 Weaker source,ODI,Keith Dabengwa,Zimbabwe,37,514,19.04,59.28,23,5.06,spinner,,kaggle,spin,kaggle,"role comes from kaggle, not from his matches",,,
4 Weaker source,ODI,Amit Mishra,India,36,43,5.38,52.44,64,4.73,spinner,,kaggle,spin,kaggle,"role comes from kaggle, not from his matches",,,
4 Weaker source,ODI,Richmond Mutumbami,Zimbabwe,36,618,19.31,72.67,0,,wicketkeeper,middle-order / opener,kaggle,spin,kaggle,"role comes from kaggle, not from his matches",,,
4 Weaker source,ODI,Chris Jordan,England,35,184,12.27,87.2,46,6.01,fast-bowler,,kaggle,pace,kaggle,"role comes from kaggle, not from his matches",,,
4 Weaker source,ODI,Shaun Tait,Australia,35,25,12.5,86.21,62,5.19,fast-bowler,,kaggle,pace,kaggle,"role comes from kaggle, not from his matches",,,
4 Weaker source,ODI,Farhad Reza,Bangladesh,34,412,16.48,63.07,22,5.36,fast-bowler,,kaggle,pace,kaggle,"role comes from kaggle, not from his matches",,,
4 Weaker source,ODI,Washington Sundar,India,34,445,22.25,81.92,30,4.85,spinner,,kaggle,spin,kaggle,"role comes from kaggle, not from his matches",,,
4 Weaker source,ODI,Phil Salt,England,33,988,31.87,115.09,0,,wicketkeeper,opener,kaggle,spin,kaggle,"role comes from kaggle, not from his matches",,,
4 Weaker source,ODI,Ishan Kishan,India,32,1107,42.58,107.06,0,,wicketkeeper,middle-order / opener,kaggle,,,"role comes from kaggle, not from his matches",,,
4 Weaker source,ODI,Jeffrey Vandersay,Sri Lanka,32,132,11,49.81,48,5.31,spinner,,kaggle,spin,kaggle,"role comes from kaggle, not from his matches",,,
4 Weaker source,ODI,Keemo Paul,West Indies,32,327,19.24,96.55,34,6.08,fast-bowler,,kaggle,pace,kaggle,"role comes from kaggle, not from his matches",,,
4 Weaker source,ODI,Mark Gillespie,New Zealand,32,93,15.5,86.02,37,5.4,fast-bowler,,kaggle,pace,kaggle,"role comes from kaggle, not from his matches",,,
4 Weaker source,ODI,Nathan Coulter-Nile,Australia,32,252,16.8,96.18,52,5.56,fast-bowler,,kaggle,pace,kaggle,"role comes from kaggle, not from his matches",,,
4 Weaker source,ODI,Abdur Rehman,Pakistan,31,142,8.35,59.46,30,4.22,spinner,,kaggle,spin,kaggle,"role comes from kaggle, not from his matches",,,
4 Weaker source,ODI,Dilshan Madushanka,Sri Lanka,31,38,9.5,48,54,6.08,fast-bowler,,kaggle,pace,kaggle,"role comes from kaggle, not from his matches",,,
4 Weaker source,ODI,Lakshan Sandakan,Sri Lanka,31,64,5.33,45.71,27,6.21,spinner,,kaggle,spin,kaggle,"role comes from kaggle, not from his matches",,,
4 Weaker source,ODI,Ramesh Powar,India,31,163,11.64,65,34,4.65,spinner,,kaggle,spin,kaggle,"role comes from kaggle, not from his matches",,,
4 Weaker source,ODI,Suraj Randiv,Sri Lanka,31,280,17.5,73.3,36,5.07,spinner,,kaggle,spin,kaggle,"role comes from kaggle, not from his matches",,,
4 Weaker source,ODI,Vinay Kumar,India,31,86,9.56,58.9,38,5.95,fast-bowler,,kaggle,pace,kaggle,"role comes from kaggle, not from his matches",,,
4 Weaker source,ODI,Brydon Carse,England,30,264,17.6,80.24,34,6.34,fast-bowler,,kaggle,pace,kaggle,"role comes from kaggle, not from his matches",,,
4 Weaker source,ODI,Reece Topley,England,30,35,11.67,31.75,47,5.42,fast-bowler,,kaggle,pace,kaggle,"role comes from kaggle, not from his matches",,,
4 Weaker source,ODI,Wiaan Mulder,South Africa,30,338,18.78,90.37,26,6.32,fast-bowler,,kaggle,pace,kaggle,"role comes from kaggle, not from his matches",,,
4 Weaker source,ODI,Sean Abbott,Australia,29,374,19.68,96.39,35,5.73,fast-bowler,,kaggle,pace,kaggle,"role comes from kaggle, not from his matches",,,
4 Weaker source,ODI,Kyle Abbott,South Africa,28,76,8.44,60.32,34,4.84,fast-bowler,,kaggle,pace,kaggle,"role comes from kaggle, not from his matches",,,
4 Weaker source,ODI,Michael Yardy,England,28,326,20.38,69.07,21,4.84,spinner,,kaggle,spin,kaggle,"role comes from kaggle, not from his matches",,,
4 Weaker source,ODI,Sam Billings,England,28,702,33.43,91.15,0,,wicketkeeper,middle-order,kaggle,,,"role comes from kaggle, not from his matches",,,
4 Weaker source,ODI,Dwaine Pretorius,South Africa,27,192,16,85.71,35,4.97,fast-bowler,,kaggle,pace,kaggle,"role comes from kaggle, not from his matches",,,
4 Weaker source,ODI,James Dalrymple,England,27,487,19.48,72.47,14,4.76,spinner,,kaggle,spin,kaggle,"role comes from kaggle, not from his matches",,,
4 Weaker source,ODI,Nathan Ellis,Australia,27,192,14.77,80.81,40,5.22,fast-bowler,,kaggle,pace,kaggle,"role comes from kaggle, not from his matches",,,
4 Weaker source,ODI,Anthony Ireland,Zimbabwe,26,30,3.75,18.75,38,5.05,fast-bowler,,kaggle,pace,kaggle,"role comes from kaggle, not from his matches",,,
4 Weaker source,ODI,Michael Mason,New Zealand,26,24,8,51.28,31,5.21,fast-bowler,,kaggle,pace,kaggle,"role comes from kaggle, not from his matches",,,
4 Weaker source,ODI,Mohit Sharma,India,26,31,7.75,46.97,31,5.46,fast-bowler,,kaggle,pace,kaggle,"role comes from kaggle, not from his matches",,,
4 Weaker source,ODI,Sajid Mahmood,England,26,85,7.73,84.85,30,5.86,fast-bowler,,kaggle,pace,kaggle,"role comes from kaggle, not from his matches",,,
4 Weaker source,ODI,Tino Best,West Indies,26,76,9.5,65.45,34,5.34,fast-bowler,,kaggle,pace,kaggle,"role comes from kaggle, not from his matches",,,
4 Weaker source,ODI,Ben Hilfenhaus,Australia,25,29,9.67,42.03,29,5.3,fast-bowler,,kaggle,pace,kaggle,"role comes from kaggle, not from his matches",,,
4 Weaker source,ODI,Gareth Hopkins,New Zealand,25,236,14.75,75.88,0,,wicketkeeper,middle-order,kaggle,,,"role comes from kaggle, not from his matches",,,
4 Weaker source,ODI,Kane Richardson,Australia,25,75,15,110.29,39,5.67,fast-bowler,,kaggle,pace,kaggle,"role comes from kaggle, not from his matches",,,
4 Weaker source,ODI,Manjural Islam Rana,Bangladesh,25,331,20.69,54.92,23,4.15,spinner,,wikidata,spin,wikidata,"role comes from wikidata, not from his matches",,,
4 Weaker source,ODI,Oshane Thomas,West Indies,25,22,3.67,30.14,31,6.74,fast-bowler,,kaggle,pace,kaggle,"role comes from kaggle, not from his matches",,,
4 Weaker source,ODI,Piyush Chawla,India,25,38,5.43,65.52,32,5.11,spinner,,kaggle,spin,kaggle,"role comes from kaggle, not from his matches",,,
4 Weaker source,ODI,Brian Vitori,Zimbabwe,24,86,7.82,88.73,32,5.78,fast-bowler,,kaggle,pace,kaggle,"role comes from kaggle, not from his matches",,,
4 Weaker source,ODI,Hayden Walsh,West Indies,24,149,14.9,68.25,28,5.56,spinner,,kaggle,spin,kaggle,"role comes from kaggle, not from his matches",,,
4 Weaker source,ODI,Jacob Duffy,New Zealand,24,18,6,48.65,40,5.86,fast-bowler,,kaggle,pace,kaggle,"role comes from kaggle, not from his matches",,,
4 Weaker source,ODI,Jade Dernbach,England,24,19,2.71,48.72,31,6.36,fast-bowler,,kaggle,pace,kaggle,"role comes from kaggle, not from his matches",,,
4 Weaker source,ODI,Brad Evans,Zimbabwe,23,281,16.53,97.73,29,5.79,fast-bowler,,kaggle,pace,kaggle,"role comes from kaggle, not from his matches",,,
4 Weaker source,ODI,Ashton Agar,Australia,22,322,24.77,82.99,21,5.23,spinner,,kaggle,spin,kaggle,"role comes from kaggle, not from his matches",,,
4 Weaker source,ODI,Aaron Phangiso,South Africa,21,81,7.36,50,26,4.58,spinner,,kaggle,spin,kaggle,"role comes from kaggle, not from his matches",,,
4 Weaker source,ODI,Bjorn Fortuin,South Africa,21,83,7.55,63.54,27,4.98,spinner,,kaggle,spin,kaggle,"role comes from kaggle, not from his matches",,,
4 Weaker source,ODI,Devon Thomas,West Indies,21,238,14,65.38,2,9.43,wicketkeeper,middle-order,kaggle,pace,kaggle,"role comes from kaggle, not from his matches",,,
4 Weaker source,ODI,Doug Bracewell,New Zealand,21,221,18.42,80.66,27,4.99,fast-bowler,,kaggle,pace,kaggle,"role comes from kaggle, not from his matches",,,
4 Weaker source,ODI,Isuru Udana,Sri Lanka,21,237,16.93,99.56,18,6.27,fast-bowler,,kaggle,pace,kaggle,"role comes from kaggle, not from his matches",,,
4 Weaker source,ODI,Matthew Forde,West Indies,21,231,15.4,113.71,27,5.83,fast-bowler,,kaggle,pace,kaggle,"role comes from kaggle, not from his matches",,,
4 Weaker source,ODI,Nathan Smith,New Zealand,21,115,10.45,67.25,24,6.31,fast-bowler,,kaggle,pace,kaggle,"role comes from kaggle, not from his matches",,,
4 Weaker source,ODI,Rishad Hossain,Bangladesh,21,193,13.79,129.79,30,5.3,spinner,,kaggle,spin,kaggle,"role comes from kaggle, not from his matches",,,
4 Weaker source,ODI,Ryan Harris,Australia,21,48,8,100,44,4.84,fast-bowler,,kaggle,pace,kaggle,"role comes from kaggle, not from his matches",,,
4 Weaker source,ODI,Tendai Chisoro,Zimbabwe,21,146,13.27,72.19,24,4.56,fast-bowler,,kaggle,pace,kaggle,"role comes from kaggle, not from his matches",,,
4 Weaker source,ODI,Clive Madande,Zimbabwe,20,294,19.6,72.59,0,,wicketkeeper,middle-order,kaggle,,,"role comes from kaggle, not from his matches",,,
4 Weaker source,ODI,Dan Christian,Australia,20,273,21,88.93,20,4.91,fast-bowler,,kaggle,pace,kaggle,"role comes from kaggle, not from his matches",,,
4 Weaker source,ODI,David Bernard,West Indies,20,141,14.1,64.38,14,5.06,fast-bowler,,kaggle,pace,kaggle,"role comes from kaggle, not from his matches",,,
4 Weaker source,ODI,Dimitri Mascarenhas,England,20,245,22.27,95.33,13,4.63,fast-bowler,,kaggle,pace,kaggle,"role comes from kaggle, not from his matches",,,
4 Weaker source,ODI,Fabian Allen,West Indies,20,200,15.38,98.52,7,5.65,spinner,,kaggle,spin,kaggle,"role comes from kaggle, not from his matches",,,
4 Weaker source,ODI,Nasum Ahmed,Bangladesh,20,201,18.27,84.24,21,4.35,spinner,,kaggle,spin,kaggle,"role comes from kaggle, not from his matches",,,
4 Weaker source,ODI,Rikki Clarke,England,20,144,11.08,53.53,11,5.3,fast-bowler,,kaggle,pace,kaggle,"role comes from kaggle, not from his matches",,,
4 Weaker source,ODI,Sohag Gazi,Bangladesh,20,184,15.33,88.78,22,4.71,spinner,,kaggle,spin,kaggle,"role comes from kaggle, not from his matches",,,
4 Weaker source,ODI,William O'Rourke,New Zealand,20,13,3.25,41.94,27,5.63,fast-bowler,,kaggle,pace,kaggle,"role comes from kaggle, not from his matches",,,
4 Weaker source,ODI,Andrew McKay,New Zealand,19,12,4,25.53,27,5.18,fast-bowler,,kaggle,pace,kaggle,"role comes from kaggle, not from his matches",,,
4 Weaker source,ODI,Hamish Bennett,New Zealand,19,10,5,28.57,33,5.52,fast-bowler,,kaggle,pace,kaggle,"role comes from kaggle, not from his matches",,,
4 Weaker source,ODI,Jamie Smith,England,19,392,21.78,113.99,0,,wicketkeeper,opener / middle-order,kaggle,,,"role comes from kaggle, not from his matches",,,
4 Weaker source,ODI,John Nyumbu,Zimbabwe,19,46,4.6,51.72,17,5.25,spinner,,kaggle,spin,kaggle,"role comes from kaggle, not from his matches",,,
4 Weaker source,ODI,Paul Nixon,England,19,297,21.21,85.59,0,,wicketkeeper,middle-order,kaggle,,,"role comes from kaggle, not from his matches",,,
4 Weaker source,ODI,Shaminda Eranga,Sri Lanka,19,34,11.33,53.13,21,5.75,fast-bowler,,kaggle,pace,kaggle,"role comes from kaggle, not from his matches",,,
4 Weaker source,ODI,Arshdeep Singh,India,18,74,8.22,122.41,30,5.49,fast-bowler,,kaggle,pace,kaggle,"role comes from kaggle, not from his matches",,,
4 Weaker source,ODI,Blair Tickner,New Zealand,18,53,13.25,76.81,29,6.39,fast-bowler,,kaggle,pace,kaggle,"role comes from kaggle, not from his matches",,,
4 Weaker source,ODI,Jacob Ball,England,18,38,9.5,77.55,21,6.21,fast-bowler,,kaggle,pace,kaggle,"role comes from kaggle, not from his matches",,,
4 Weaker source,ODI,Pragyan Ojha,India,18,46,23,41.07,21,4.47,spinner,,kaggle,spin,kaggle,"role comes from kaggle, not from his matches",,,
4 Weaker source,ODI,Sachith Pathirana,Sri Lanka,18,332,25.54,86.68,15,5.65,spinner,,kaggle,spin,kaggle,"role comes from kaggle, not from his matches",,,
4 Weaker source,ODI,Saqib Mahmood,England,18,31,10.33,58.49,27,5.23,fast-bowler,,kaggle,pace,kaggle,"role comes from kaggle, not from his matches",,,
4 Weaker source,ODI,Forster Mutizwa,Zimbabwe,17,403,31,66.55,0,,wicketkeeper,middle-order,kaggle,spin,kaggle,"role comes from kaggle, not from his matches",,,
4 Weaker source,ODI,Morne van Wyk,South Africa,17,425,26.56,68.88,0,,wicketkeeper,opener / middle-order,kaggle,spin,kaggle,"role comes from kaggle, not from his matches",,,
4 Weaker source,ODI,Suhrawadi Shuvo,Bangladesh,17,98,14,72.59,14,4.5,spinner,,kaggle,spin,kaggle,"role comes from kaggle, not from his matches",,,
4 Weaker source,ODI,Tristan Stubbs,South Africa,17,412,27.47,88.26,0,6.25,wicketkeeper,middle-order,kaggle,spin,kaggle,"role comes from kaggle, not from his matches",,,
4 Weaker source,ODI,Usman Shinwari,Pakistan,17,6,2,85.71,34,4.95,fast-bowler,,kaggle,pace,kaggle,"role comes from kaggle, not from his matches",,,
4 Weaker source,ODI,Arafat Sunny,Bangladesh,16,48,12,52.75,24,4.34,spinner,,kaggle,spin,kaggle,"role comes from kaggle, not from his matches",,,
4 Weaker source,ODI,Corbin Bosch,South Africa,16,331,55.17,113.6,19,6.76,fast-bowler,,kaggle,pace,kaggle,"role comes from kaggle, not from his matches",,,
4 Weaker source,ODI,Gerald Coetzee,South Africa,16,63,7.88,63.33,34,6.41,fast-bowler,,kaggle,pace,kaggle,"role comes from kaggle, not from his matches",,,
4 Weaker source,ODI,Jamie Overton,England,16,303,25.25,111.11,17,5.74,fast-bowler,,kaggle,pace,kaggle,"role comes from kaggle, not from his matches",,,
4 Weaker source,ODI,Moises Henriques,Australia,16,117,9,60.94,8,5.18,fast-bowler,,kaggle,pace,kaggle,"role comes from kaggle, not from his matches",,,
4 Weaker source,ODI,Nurul Hasan,Bangladesh,16,306,34,92.76,0,,wicketkeeper,middle-order,kaggle,,,"role comes from kaggle, not from his matches",,,
4 Weaker source,ODI,Sanju Samson,India,16,510,56.67,99.61,0,,wicketkeeper,middle-order,kaggle,,,"role comes from kaggle, not from his matches",,,
4 Weaker source,ODI,Shingirai Masakadza,Zimbabwe,16,170,21.25,100.93,25,6.76,fast-bowler,,kaggle,pace,kaggle,"role comes from kaggle, not from his matches",,,
4 Weaker source,ODI,Aaron Hardie,Australia,15,180,15,80,10,5.52,fast-bowler,,kaggle,pace,kaggle,"role comes from kaggle, not from his matches",,,
4 Weaker source,ODI,Al-Amin Hossain,Bangladesh,15,4,2,20,22,5.5,fast-bowler,,kaggle,pace,kaggle,"role comes from kaggle, not from his matches",,,
4 Weaker source,ODI,Andrew Ellis,New Zealand,15,154,14,83.7,12,5.31,fast-bowler,,kaggle,pace,kaggle,"role comes from kaggle, not from his matches",,,
4 Weaker source,ODI,Christopher Tremlett,England,15,50,7.14,56.18,15,5.4,fast-bowler,,kaggle,pace,kaggle,"role comes from kaggle, not from his matches",,,
4 Weaker source,ODI,Gregory Lamb,Zimbabwe,15,197,17.91,51.71,12,4.36,spinner,,kaggle,spin,kaggle,"role comes from kaggle, not from his matches",,,
4 Weaker source,ODI,Jhye Richardson,Australia,15,93,18.6,86.92,27,5.87,fast-bowler,,kaggle,pace,kaggle,"role comes from kaggle, not from his matches",,,
4 Weaker source,ODI,Mohammad Hasnain,Pakistan,15,53,17.67,155.88,17,6.31,fast-bowler,,kaggle,pace,kaggle,"role comes from kaggle, not from his matches",,,
4 Weaker source,ODI,Nahid Rana,Bangladesh,15,14,,40,32,4.71,fast-bowler,,kaggle,pace,kaggle,"role comes from kaggle, not from his matches",,,
4 Weaker source,ODI,Tanzim Hasan Sakib,Bangladesh,15,151,18.88,84.28,24,5.75,fast-bowler,,kaggle,pace,kaggle,"role comes from kaggle, not from his matches",,,
4 Weaker source,ODI,Aizaz Cheema,Pakistan,14,26,8.67,57.78,23,5.41,fast-bowler,,kaggle,pace,kaggle,"role comes from kaggle, not from his matches",,,
4 Weaker source,ODI,Brandon Mavuta,Zimbabwe,14,92,11.5,85.98,10,5.66,spinner,,kaggle,spin,kaggle,"role comes from kaggle, not from his matches",,,
4 Weaker source,ODI,Dhiman Ghosh,Bangladesh,14,126,14,62.31,0,,wicketkeeper,middle-order,kaggle,,,"role comes from kaggle, not from his matches",,,
4 Weaker source,ODI,Harshit Rana,India,14,124,24.8,121.57,26,6.22,fast-bowler,,kaggle,pace,kaggle,"role comes from kaggle, not from his matches",,,
4 Weaker source,ODI,Kabir Ali,England,14,93,15.5,94.74,20,6.08,fast-bowler,,kaggle,pace,kaggle,"role comes from kaggle, not from his matches",,,
4 Weaker source,ODI,Nandre Burger,South Africa,14,41,13.67,42.39,22,6.11,fast-bowler,,kaggle,pace,kaggle,"role comes from kaggle, not from his matches",,,
4 Weaker source,ODI,Rahat Ali,Pakistan,14,8,2.67,21.62,18,5.81,fast-bowler,,kaggle,pace,kaggle,"role comes from kaggle, not from his matches",,,
4 Weaker source,ODI,Tafadzwa Kamungozi,Zimbabwe,14,27,5.4,47.17,12,5.17,spinner,,kaggle,spin,kaggle,"role comes from kaggle, not from his matches",,,
4 Weaker source,ODI,Tinotenda Mutombodzi,Zimbabwe,14,177,14.75,84.72,7,5.81,spinner,,kaggle,spin,kaggle,"role comes from kaggle, not from his matches",,,
4 Weaker source,ODI,Yannic Cariah,West Indies,14,93,15.5,56.02,13,6.25,spinner,,kaggle,spin,kaggle,"role comes from kaggle, not from his matches",,,
4 Weaker source,ODI,Ashok Dinda,India,13,21,4.2,58.33,12,6.18,fast-bowler,,kaggle,pace,kaggle,"role comes from kaggle, not from his matches",,,
4 Weaker source,ODI,Deepak Chahar,India,13,203,33.83,98.96,16,5.75,fast-bowler,,kaggle,pace,kaggle,"role comes from kaggle, not from his matches",,,
4 Weaker source,ODI,Johnathan Lewis,England,13,50,8.33,89.58,18,4.19,fast-bowler,,kaggle,pace,kaggle,"role comes from kaggle, not from his matches",,,
4 Weaker source,ODI,Sohail Khan,Pakistan,13,25,5,49.02,19,5.38,fast-bowler,,kaggle,pace,kaggle,"role comes from kaggle, not from his matches",,,
4 Weaker source,ODI,Ziaur Rahman,Bangladesh,13,124,11.27,94.32,10,4.63,fast-bowler,,kaggle,pace,kaggle,"role comes from kaggle, not from his matches",,,
4 Weaker source,ODI,Anton Devcich,New Zealand,12,195,17.73,77.08,4,5.39,spinner,,kaggle,spin,kaggle,"role comes from kaggle, not from his matches",,,
4 Weaker source,ODI,Dhawal Kulkarni,India,12,27,,96.43,19,5.1,fast-bowler,,kaggle,pace,kaggle,"role comes from kaggle, not from his matches",,,
4 Weaker source,ODI,Jaker Ali,Bangladesh,12,394,39.4,79.23,0,,wicketkeeper,middle-order,kaggle,,,"role comes from kaggle, not from his matches",,,
4 Weaker source,ODI,Jason Behrendorff,Australia,12,21,7,91.3,16,5.28,fast-bowler,,kaggle,pace,kaggle,"role comes from kaggle, not from his matches",,,
4 Weaker source,ODI,Matheesha Pathirana,Sri Lanka,12,11,2.2,30.3,17,7.28,fast-bowler,,kaggle,pace,kaggle,"role comes from kaggle, not from his matches",,,
4 Weaker source,ODI,Neville Madziva,Zimbabwe,12,67,7.44,48.36,20,5.99,fast-bowler,,kaggle,pace,kaggle,"role comes from kaggle, not from his matches",,,
4 Weaker source,ODI,Usama Mir,Pakistan,12,40,6.67,131.03,15,5.98,spinner,,kaggle,spin,kaggle,"role comes from kaggle, not from his matches",,,
4 Weaker source,ODI,Xavier Bartlett,Australia,12,124,13.78,85.19,23,5.19,fast-bowler,,kaggle,pace,kaggle,"role comes from kaggle, not from his matches",,,
4 Weaker source,ODI,Ajmal Shahzad,England,11,39,6.5,66.67,17,5,fast-bowler,,kaggle,pace,kaggle,"role comes from kaggle, not from his matches",,,
4 Weaker source,ODI,Amir Jangoo,West Indies,11,400,57.14,81.43,0,,wicketkeeper,middle-order,kaggle,,,"role comes from kaggle, not from his matches",,,
4 Weaker source,ODI,Liam Dawson,England,11,133,16.63,83.65,12,5.23,spinner,,kaggle,spin,kaggle,"role comes from kaggle, not from his matches",,,
4 Weaker source,ODI,Matthew Potts,England,11,45,45,72.58,12,5.97,fast-bowler,,kaggle,pace,kaggle,"role comes from kaggle, not from his matches",,,
4 Weaker source,ODI,Miguel Cummins,West Indies,11,10,5,55.56,9,6.32,fast-bowler,,kaggle,pace,kaggle,"role comes from kaggle, not from his matches",,,
4 Weaker source,ODI,Rehan Ahmed,England,11,101,11.22,81.15,15,5.49,spinner,,kaggle,spin,kaggle,"role comes from kaggle, not from his matches",,,
4 Weaker source,ODI,Beuran Hendricks,South Africa,10,24,8,53.33,10,5.38,fast-bowler,,kaggle,pace,kaggle,"role comes from kaggle, not from his matches",,,
4 Weaker source,ODI,Bilawal Bhatti,Pakistan,10,89,14.83,118.67,6,6.44,fast-bowler,,kaggle,pace,kaggle,"role comes from kaggle, not from his matches",,,
4 Weaker source,ODI,Chanaka Welegedara,Sri Lanka,10,4,4,44.44,15,5.68,fast-bowler,,kaggle,pace,kaggle,"role comes from kaggle, not from his matches",,,
4 Weaker source,ODI,Eshan Malinga,Sri Lanka,10,28,7,25.45,6,6.15,fast-bowler,,kaggle,pace,kaggle,"role comes from kaggle, not from his matches",,,
4 Weaker source,ODI,Harry Gurney,England,10,15,7.5,45.45,11,5.7,fast-bowler,,kaggle,pace,kaggle,"role comes from kaggle, not from his matches",,,
4 Weaker source,ODI,Jayden Lennox,New Zealand,10,3,1.5,12.5,22,4.23,spinner,,kaggle,spin,kaggle,"role comes from kaggle, not from his matches",,,
4 Weaker source,ODI,Khary Pierre,West Indies,10,81,27,62.31,6,4.28,spinner,,kaggle,spin,kaggle,"role comes from kaggle, not from his matches",,,
4 Weaker source,ODI,Lizaad Williams,South Africa,10,19,4.75,69.23,21,6.13,fast-bowler,,kaggle,pace,kaggle,"role comes from kaggle, not from his matches",,,
4 Weaker source,ODI,Olly Stone,England,10,24,8,68.57,9,6.08,fast-bowler,,kaggle,pace,kaggle,"role comes from kaggle, not from his matches",,,
4 Weaker source,ODI,Philip Mustard,England,10,233,23.3,92.41,0,,wicketkeeper,opener,kaggle,spin,kaggle,"role comes from kaggle, not from his matches",,,
4 Weaker source,ODI,Rory Kleinveldt,South Africa,10,105,15,84.68,12,5.24,fast-bowler,,kaggle,pace,kaggle,"role comes from kaggle, not from his matches",,,
4 Weaker source,ODI,Umran Malik,India,10,2,2,18.18,13,6.54,fast-bowler,,kaggle,pace,kaggle,"role comes from kaggle, not from his matches",,,
4 Weaker source,T20I,Adil Rashid,England,153,163,7.41,89.56,171,7.56,spinner,,kaggle,spin,kaggle,"role comes from kaggle, not from his matches",,,
4 Weaker source,T20I,Adam Zampa,Australia,118,80,4.71,77.78,153,7.39,spinner,,kaggle,spin,kaggle,"role comes from kaggle, not from his matches",,,
4 Weaker source,T20I,Nicholas Pooran,West Indies,106,2275,26.15,136.39,0,,wicketkeeper,middle-order,kaggle,,,"role comes from kaggle, not from his matches",,,
4 Weaker source,T20I,Axar Patel,India,105,755,16.78,129.7,105,7.5,spinner,,kaggle,spin,kaggle,"role comes from kaggle, not from his matches",,,
4 Weaker source,T20I,Wanindu Hasaranga,Sri Lanka,101,869,13.58,120.06,163,7.1,spinner,,kaggle,spin,kaggle,"role comes from kaggle, not from his matches",,,
4 Weaker source,T20I,Akeal Hosein,West Indies,99,307,14.62,114.55,94,7.43,spinner,,kaggle,spin,kaggle,"role comes from kaggle, not from his matches",,,
4 Weaker source,T20I,Mohammad Nawaz,Pakistan,98,911,17.52,134.61,101,7.19,spinner,,kaggle,spin,kaggle,"role comes from kaggle, not from his matches",,,
4 Weaker source,T20I,Chris Jordan,England,95,439,13.72,131.68,108,8.75,fast-bowler,,kaggle,pace,kaggle,"role comes from kaggle, not from his matches",,,
4 Weaker source,T20I,Arshdeep Singh,India,94,103,6.06,99.02,140,8.52,fast-bowler,,kaggle,pace,kaggle,"role comes from kaggle, not from his matches",,,
4 Weaker source,T20I,Haris Rauf,Pakistan,94,143,8.41,104.81,133,8.38,fast-bowler,,kaggle,pace,kaggle,"role comes from kaggle, not from his matches",,,
4 Weaker source,T20I,Matthew Wade,Australia,92,1202,26.13,134.15,0,,wicketkeeper,middle-order / opener,kaggle,pace,kaggle,"role comes from kaggle, not from his matches",,,
4 Weaker source,T20I,Tim Seifert,New Zealand,90,2279,31.22,146.37,0,,wicketkeeper,opener / middle-order,kaggle,,,"role comes from kaggle, not from his matches",,,
4 Weaker source,T20I,Bhuvneshwar Kumar,India,87,67,8.38,71.28,90,6.96,fast-bowler,,kaggle,pace,kaggle,"role comes from kaggle, not from his matches",,,
4 Weaker source,T20I,Maheesh Theekshana,Sri Lanka,86,116,4.3,61.96,84,7.13,spinner,,kaggle,spin,kaggle,"role comes from kaggle, not from his matches",,,
4 Weaker source,T20I,Faheem Ashraf,Pakistan,85,594,13.5,139.34,61,7.87,fast-bowler,,kaggle,pace,kaggle,"role comes from kaggle, not from his matches",,,
4 Weaker source,T20I,Dushmantha Chameera,Sri Lanka,82,125,4.81,73.53,99,8.17,fast-bowler,,kaggle,pace,kaggle,"role comes from kaggle, not from his matches",,,
4 Weaker source,T20I,Yuzvendra Chahal,India,80,6,3,46.15,96,8.19,spinner,,kaggle,spin,kaggle,"role comes from kaggle, not from his matches",,,
4 Weaker source,T20I,Imad Wasim,Pakistan,75,554,15.83,139.09,73,6.2,spinner,,kaggle,spin,kaggle,"role comes from kaggle, not from his matches",,,
4 Weaker source,T20I,Sanju Samson,India,70,1558,27.33,157.37,0,,wicketkeeper,opener / middle-order,kaggle,,,"role comes from kaggle, not from his matches",,,
4 Weaker source,T20I,Tabraiz Shamsi,South Africa,70,10,2,37.04,89,7.4,spinner,,kaggle,spin,kaggle,"role comes from kaggle, not from his matches",,,
4 Weaker source,T20I,Daren Sammy,West Indies,67,581,17.61,149.74,43,7.29,fast-bowler,,kaggle,pace,kaggle,"role comes from kaggle, not from his matches",,,
4 Weaker source,T20I,Luke Jongwe,Zimbabwe,65,509,15.42,121.97,66,8.64,fast-bowler,,kaggle,pace,kaggle,"role comes from kaggle, not from his matches",,,
4 Weaker source,T20I,Phil Salt,England,65,1852,34.94,163.75,0,,wicketkeeper,opener,kaggle,spin,kaggle,"role comes from kaggle, not from his matches",,,
4 Weaker source,T20I,Nathan McCullum,New Zealand,63,299,11.5,100.67,58,6.83,spinner,,kaggle,spin,kaggle,"role comes from kaggle, not from his matches",,,
4 Weaker source,T20I,Washington Sundar,India,63,279,15.5,126.82,53,7.11,spinner,,kaggle,spin,kaggle,"role comes from kaggle, not from his matches",,,
4 Weaker source,T20I,Rishad Hossain,Bangladesh,62,221,8.5,122.1,80,8.19,spinner,,kaggle,spin,kaggle,"role comes from kaggle, not from his matches",,,
4 Weaker source,T20I,Dinesh Karthik,India,59,686,27.44,142.62,0,18,wicketkeeper,middle-order,kaggle,,,"role comes from kaggle, not from his matches",,,
4 Weaker source,T20I,Ishan Kishan,India,59,1701,29.84,145.51,0,,wicketkeeper,opener / middle-order,kaggle,,,"role comes from kaggle, not from his matches",,,
4 Weaker source,T20I,Heinrich Klaasen,South Africa,58,1000,23.26,141.84,0,14,wicketkeeper,middle-order,kaggle,,,"role comes from kaggle, not from his matches",,,
4 Weaker source,T20I,Nuwan Kulasekara,Sri Lanka,58,215,10.24,110.11,66,7.46,fast-bowler,,kaggle,pace,kaggle,"role comes from kaggle, not from his matches",,,
4 Weaker source,T20I,Hasan Ali,Pakistan,57,147,13.36,170.93,72,8.72,fast-bowler,,kaggle,pace,kaggle,"role comes from kaggle, not from his matches",,,
4 Weaker source,T20I,Sohail Tanvir,Pakistan,57,196,11.53,121.74,54,7.19,fast-bowler,,kaggle,pace,kaggle,"role comes from kaggle, not from his matches",,,
4 Weaker source,T20I,Adam Milne,New Zealand,56,83,8.3,96.51,65,8.31,fast-bowler,,kaggle,pace,kaggle,"role comes from kaggle, not from his matches",,,
4 Weaker source,T20I,Wayne Parnell,South Africa,56,174,17.4,96.67,59,8.3,fast-bowler,,kaggle,pace,kaggle,"role comes from kaggle, not from his matches",,,
4 Weaker source,T20I,Lockie Ferguson,New Zealand,54,38,4.22,85.71,76,7.33,fast-bowler,,kaggle,pace,kaggle,"role comes from kaggle, not from his matches",,,
4 Weaker source,T20I,Nurul Hasan,Bangladesh,54,507,14.91,114.71,0,,wicketkeeper,middle-order,kaggle,,,"role comes from kaggle, not from his matches",,,
4 Weaker source,T20I,Nasum Ahmed,Bangladesh,52,99,7.62,99,52,7.09,spinner,,kaggle,spin,kaggle,"role comes from kaggle, not from his matches",,,
4 Weaker source,T20I,Ravi Bishnoi,India,52,65,9.29,125,71,7.49,spinner,,kaggle,spin,kaggle,"role comes from kaggle, not from his matches",,,
4 Weaker source,T20I,Samuel Badree,West Indies,52,43,7.17,65.08,56,6.18,spinner,,kaggle,spin,kaggle,"role comes from kaggle, not from his matches",,,
4 Weaker source,T20I,Tristan Stubbs,South Africa,52,967,30.22,133.24,0,20.5,wicketkeeper,middle-order,kaggle,spin,kaggle,"role comes from kaggle, not from his matches",,,
4 Weaker source,T20I,Gudakesh Motie,West Indies,51,205,14.64,127.69,49,7.92,spinner,,kaggle,spin,kaggle,"role comes from kaggle, not from his matches",,,
4 Weaker source,T20I,Sunil Narine,West Indies,51,155,10.33,112.32,52,6.02,spinner,,kaggle,spin,kaggle,"role comes from kaggle, not from his matches",,,
4 Weaker source,T20I,Ashton Agar,Australia,49,279,11.63,101.47,49,6.5,spinner,,kaggle,spin,kaggle,"role comes from kaggle, not from his matches",,,
4 Weaker source,T20I,Josh Inglis,Australia,49,1033,26.49,157.95,0,,wicketkeeper,middle-order,kaggle,,,"role comes from kaggle, not from his matches",,,
4 Weaker source,T20I,Jacob Duffy,New Zealand,48,40,8,97.56,62,8.09,fast-bowler,,kaggle,pace,kaggle,"role comes from kaggle, not from his matches",,,
4 Weaker source,T20I,Clive Madande,Zimbabwe,47,600,21.43,117.42,0,,wicketkeeper,middle-order,kaggle,,,"role comes from kaggle, not from his matches",,,
4 Weaker source,T20I,Chamika Karunaratne,Sri Lanka,45,308,16.21,105.84,24,8.4,fast-bowler,,kaggle,pace,kaggle,"role comes from kaggle, not from his matches",,,
4 Weaker source,T20I,Sheldon Cottrell,West Indies,45,18,4.5,62.07,52,8.13,fast-bowler,,kaggle,pace,kaggle,"role comes from kaggle, not from his matches",,,
4 Weaker source,T20I,Jaker Ali,Bangladesh,44,692,25.63,124.68,0,,wicketkeeper,middle-order,kaggle,,,"role comes from kaggle, not from his matches",,,
4 Weaker source,T20I,David Willey,England,43,226,15.07,132.05,51,8.18,fast-bowler,,kaggle,pace,kaggle,"role comes from kaggle, not from his matches",,,
4 Weaker source,T20I,Obed McCoy,West Indies,43,68,9.71,101.49,52,8.73,fast-bowler,,kaggle,pace,kaggle,"role comes from kaggle, not from his matches",,,
4 Weaker source,T20I,Andile Phehlukwayo,South Africa,42,166,9.22,108.5,50,8.92,fast-bowler,,kaggle,pace,kaggle,"role comes from kaggle, not from his matches",,,
4 Weaker source,T20I,Brad Evans,Zimbabwe,42,317,15.85,136.59,63,8.46,fast-bowler,,kaggle,pace,kaggle,"role comes from kaggle, not from his matches",,,
4 Weaker source,T20I,Fabian Allen,West Indies,42,298,14.9,136.92,24,7.61,spinner,,kaggle,spin,kaggle,"role comes from kaggle, not from his matches",,,
4 Weaker source,T20I,Carlos Brathwaite,West Indies,41,310,14.76,110.73,31,8.57,fast-bowler,,kaggle,pace,kaggle,"role comes from kaggle, not from his matches",,,
4 Weaker source,T20I,Ajantha Mendis,Sri Lanka,39,8,2.67,47.06,66,6.45,spinner,,kaggle,spin,kaggle,"role comes from kaggle, not from his matches",,,
4 Weaker source,T20I,Jade Dernbach,England,39,31,5.17,96.88,42,8.53,fast-bowler,,kaggle,pace,kaggle,"role comes from kaggle, not from his matches",,,
4 Weaker source,T20I,Liam Dawson,England,39,79,11.29,114.49,40,7.82,spinner,,kaggle,spin,kaggle,"role comes from kaggle, not from his matches",,,
4 Weaker source,T20I,Nathan Ellis,Australia,39,39,7.8,63.93,58,7.68,fast-bowler,,kaggle,pace,kaggle,"role comes from kaggle, not from his matches",,,
4 Weaker source,T20I,Tanzim Hasan Sakib,Bangladesh,38,192,14.77,109.71,44,8.34,fast-bowler,,kaggle,pace,kaggle,"role comes from kaggle, not from his matches",,,
4 Weaker source,T20I,Usman Khan,Pakistan,38,474,18.96,121.85,0,,wicketkeeper,middle-order,kaggle,spin,kaggle,"role comes from kaggle, not from his matches",,,
4 Weaker source,T20I,Hayden Walsh,West Indies,37,147,16.33,100,29,7.91,spinner,,kaggle,spin,kaggle,"role comes from kaggle, not from his matches",,,
4 Weaker source,T20I,Sam Billings,England,37,478,17.07,129.89,0,,wicketkeeper,middle-order,kaggle,,,"role comes from kaggle, not from his matches",,,
4 Weaker source,T20I,Kane Richardson,Australia,36,17,4.25,100,45,8.4,fast-bowler,,kaggle,pace,kaggle,"role comes from kaggle, not from his matches",,,
4 Weaker source,T20I,Parvez Hossain Emon,Bangladesh,35,642,19.45,128.66,0,,wicketkeeper,opener / middle-order,kaggle,,,"role comes from kaggle, not from his matches",,,
4 Weaker source,T20I,Reece Topley,England,35,17,8.5,85,33,8.31,fast-bowler,,kaggle,pace,kaggle,"role comes from kaggle, not from his matches",,,
4 Weaker source,T20I,Tim Bresnan,England,34,216,16.62,127.06,24,8.03,fast-bowler,,kaggle,pace,kaggle,"role comes from kaggle, not from his matches",,,
4 Weaker source,T20I,Akila Dananjaya,Sri Lanka,33,65,8.13,85.92,30,8.26,spinner,,kaggle,spin,kaggle,"role comes from kaggle, not from his matches",,,
4 Weaker source,T20I,Luke Ronchi,New Zealand,33,359,17.95,140.23,0,,wicketkeeper,middle-order,kaggle,,,"role comes from kaggle, not from his matches",,,
4 Weaker source,T20I,Andrew Tye,Australia,32,83,10.38,109.21,47,8.76,fast-bowler,,kaggle,pace,kaggle,"role comes from kaggle, not from his matches",,,
4 Weaker source,T20I,Bjorn Fortuin,South Africa,32,129,10.75,112.17,33,7.78,spinner,,kaggle,spin,kaggle,"role comes from kaggle, not from his matches",,,
4 Weaker source,T20I,Chris Mpofu,Zimbabwe,32,35,8.75,81.4,33,8.94,fast-bowler,,kaggle,pace,kaggle,"role comes from kaggle, not from his matches",,,
4 Weaker source,T20I,Mehidy Hasan Miraz,Bangladesh,31,410,17.08,116.48,17,8.47,spinner,,kaggle,spin,kaggle,"role comes from kaggle, not from his matches",,,
4 Weaker source,T20I,Nuwan Thushara,Sri Lanka,31,10,5,16.67,36,8.29,fast-bowler,,kaggle,pace,kaggle,"role comes from kaggle, not from his matches",,,
4 Weaker source,T20I,Al-Amin Hossain,Bangladesh,30,7,3.5,58.33,43,7.1,fast-bowler,,kaggle,pace,kaggle,"role comes from kaggle, not from his matches",,,
4 Weaker source,T20I,Marco Jansen,South Africa,30,268,17.87,144,33,8.94,fast-bowler,,kaggle,pace,kaggle,"role comes from kaggle, not from his matches",,,
4 Weaker source,T20I,Mitchell Johnson,Australia,30,109,10.9,114.74,38,7.29,fast-bowler,,kaggle,pace,kaggle,"role comes from kaggle, not from his matches",,,
4 Weaker source,T20I,Tom Curran,England,30,64,10.67,114.29,29,9.26,fast-bowler,,kaggle,pace,kaggle,"role comes from kaggle, not from his matches",,,
4 Weaker source,T20I,Matheesha Pathirana,Sri Lanka,29,19,3.17,42.86,40,8.3,fast-bowler,,kaggle,pace,kaggle,"role comes from kaggle, not from his matches",,,
4 Weaker source,T20I,Mitchell McClenaghan,New Zealand,29,24,6,104.35,30,7.79,fast-bowler,,kaggle,pace,kaggle,"role comes from kaggle, not from his matches",,,
4 Weaker source,T20I,Richmond Mutumbami,Zimbabwe,29,379,17.23,118.92,0,,wicketkeeper,middle-order,kaggle,spin,kaggle,"role comes from kaggle, not from his matches",,,
4 Weaker source,T20I,Sean Abbott,Australia,29,50,7.14,102.04,34,9.33,fast-bowler,,kaggle,pace,kaggle,"role comes from kaggle, not from his matches",,,
4 Weaker source,T20I,Ben Sears,New Zealand,28,23,7.67,69.7,32,8.06,fast-bowler,,kaggle,pace,kaggle,"role comes from kaggle, not from his matches",,,
4 Weaker source,T20I,Matthew Forde,West Indies,28,195,16.25,145.74,26,8.46,fast-bowler,,kaggle,pace,kaggle,"role comes from kaggle, not from his matches",,,
4 Weaker source,T20I,Mohammad Hasnain,Pakistan,28,24,24,92.31,25,8.51,fast-bowler,,kaggle,pace,kaggle,"role comes from kaggle, not from his matches",,,
4 Weaker source,T20I,Nathan Coulter-Nile,Australia,28,150,13.64,125,34,8.26,fast-bowler,,kaggle,pace,kaggle,"role comes from kaggle, not from his matches",,,
4 Weaker source,T20I,Ashish Nehra,India,27,28,5.6,71.79,34,7.73,fast-bowler,,kaggle,pace,kaggle,"role comes from kaggle, not from his matches",,,
4 Weaker source,T20I,Jamie Overton,England,27,88,8.8,104.76,30,7.77,fast-bowler,,kaggle,pace,kaggle,"role comes from kaggle, not from his matches",,,
4 Weaker source,T20I,Odean Smith,West Indies,27,193,14.85,139.86,27,10.27,fast-bowler,,kaggle,pace,kaggle,"role comes from kaggle, not from his matches",,,
4 Weaker source,T20I,Ravi Rampaul,West Indies,27,15,7.5,51.72,31,8.38,fast-bowler,,kaggle,pace,kaggle,"role comes from kaggle, not from his matches",,,
4 Weaker source,T20I,Ben McDermott,Australia,25,342,18,99.71,0,,wicketkeeper,middle-order / opener,kaggle,pace,kaggle,"role comes from kaggle, not from his matches",,,
4 Weaker source,T20I,Binura Fernando,Sri Lanka,25,43,10.75,91.49,24,8.41,fast-bowler,,kaggle,pace,kaggle,"role comes from kaggle, not from his matches",,,
4 Weaker source,T20I,Craig Kieswetter,England,25,526,21.92,113.36,0,,wicketkeeper,opener,kaggle,spin,kaggle,"role comes from kaggle, not from his matches",,,
4 Weaker source,T20I,Deepak Chahar,India,25,53,26.5,189.29,31,8.3,fast-bowler,,kaggle,pace,kaggle,"role comes from kaggle, not from his matches",,,
4 Weaker source,T20I,Shardul Thakur,India,25,69,23,181.58,33,9.15,fast-bowler,,kaggle,pace,kaggle,"role comes from kaggle, not from his matches",,,
4 Weaker source,T20I,Usman Qadir,Pakistan,25,36,9,114.81,31,7.96,spinner,,kaggle,spin,kaggle,"role comes from kaggle, not from his matches",,,
4 Weaker source,T20I,Abbas Afridi,Pakistan,24,135,12.27,113.45,38,8.49,fast-bowler,,kaggle,pace,kaggle,"role comes from kaggle, not from his matches",,,
4 Weaker source,T20I,James Faulkner,Australia,24,159,14.45,115.22,36,7.97,fast-bowler,,kaggle,pace,kaggle,"role comes from kaggle, not from his matches",,,
4 Weaker source,T20I,Sachithra Senanayake,Sri Lanka,24,56,9.33,84.85,25,6.78,spinner,,kaggle,spin,kaggle,"role comes from kaggle, not from his matches",,,
4 Weaker source,T20I,Chris Morris,South Africa,23,133,14.78,130.39,34,8.4,fast-bowler,,kaggle,pace,kaggle,"role comes from kaggle, not from his matches",,,
4 Weaker source,T20I,Dan Christian,Australia,23,118,14.75,126.88,13,8.56,fast-bowler,,kaggle,pace,kaggle,"role comes from kaggle, not from his matches",,,
4 Weaker source,T20I,Lonwabo Tsotsobe,South Africa,23,2,2,20,18,6.94,fast-bowler,,kaggle,pace,kaggle,"role comes from kaggle, not from his matches",,,
4 Weaker source,T20I,Corbin Bosch,South Africa,22,115,12.78,107.48,33,7.89,fast-bowler,,kaggle,pace,kaggle,"role comes from kaggle, not from his matches",,,
4 Weaker source,T20I,Dilshan Madushanka,Sri Lanka,22,2,0.33,14.29,20,9.6,fast-bowler,,kaggle,pace,kaggle,"role comes from kaggle, not from his matches",,,
4 Weaker source,T20I,Kwena Maphaka,South Africa,22,19,9.5,79.17,19,8.94,fast-bowler,,kaggle,pace,kaggle,"role comes from kaggle, not from his matches",,,
4 Weaker source,T20I,Liam Plunkett,England,22,42,6,123.53,25,7.9,fast-bowler,,kaggle,pace,kaggle,"role comes from kaggle, not from his matches",,,
4 Weaker source,T20I,Tinotenda Maposa,Zimbabwe,22,92,13.14,98.21,15,9.48,fast-bowler,,kaggle,pace,kaggle,"role comes from kaggle, not from his matches",,,
4 Weaker source,T20I,Xavier Bartlett,Australia,22,77,11,108.45,24,8,fast-bowler,,kaggle,pace,kaggle,"role comes from kaggle, not from his matches",,,
4 Weaker source,T20I,Zak Foulkes,New Zealand,22,100,14.29,149.25,22,8.99,fast-bowler,,kaggle,pace,kaggle,"role comes from kaggle, not from his matches",,,
4 Weaker source,T20I,Kyle Abbott,South Africa,21,23,11.5,115,26,7.97,fast-bowler,,kaggle,pace,kaggle,"role comes from kaggle, not from his matches",,,
4 Weaker source,T20I,Oshane Thomas,West Indies,21,9,2.25,60,21,9.38,fast-bowler,,kaggle,pace,kaggle,"role comes from kaggle, not from his matches",,,
4 Weaker source,T20I,Ottneil Baartman,South Africa,21,14,3.5,40,29,8.11,fast-bowler,,kaggle,pace,kaggle,"role comes from kaggle, not from his matches",,,
4 Weaker source,T20I,Peter Moor,Zimbabwe,21,364,24.27,130.96,0,,wicketkeeper,middle-order,kaggle,spin,kaggle,"role comes from kaggle, not from his matches",,,
4 Weaker source,T20I,Robin Peterson,South Africa,21,124,15.5,109.73,24,7.54,spinner,,kaggle,spin,kaggle,"role comes from kaggle, not from his matches",,,
4 Weaker source,T20I,Shaun Tait,Australia,21,11,2.75,73.33,28,7.39,fast-bowler,,kaggle,pace,kaggle,"role comes from kaggle, not from his matches",,,
4 Weaker source,T20I,Steven Finn,England,21,14,,73.68,27,7.29,fast-bowler,,kaggle,pace,kaggle,"role comes from kaggle, not from his matches",,,
4 Weaker source,T20I,Doug Bracewell,New Zealand,20,126,21,140,20,9.1,fast-bowler,,kaggle,pace,kaggle,"role comes from kaggle, not from his matches",,,
4 Weaker source,T20I,JJ Smuts,South Africa,20,257,13.53,108.9,7,7.2,spinner,,kaggle,spin,kaggle,"role comes from kaggle, not from his matches",,,
4 Weaker source,T20I,Lakshan Sandakan,Sri Lanka,20,23,7.67,60.53,23,7.27,spinner,,kaggle,spin,kaggle,"role comes from kaggle, not from his matches",,,
4 Weaker source,T20I,Lizaad Williams,South Africa,20,14,2.33,53.85,24,9.61,fast-bowler,,kaggle,pace,kaggle,"role comes from kaggle, not from his matches",,,
4 Weaker source,T20I,Saqib Mahmood,England,20,35,7,77.78,24,9.24,fast-bowler,,kaggle,pace,kaggle,"role comes from kaggle, not from his matches",,,
4 Weaker source,T20I,Seekkuge Prasanna,Sri Lanka,20,214,15.29,132.92,10,7.18,spinner,,kaggle,spin,kaggle,"role comes from kaggle, not from his matches",,,
4 Weaker source,T20I,Beuran Hendricks,South Africa,19,18,6,78.26,25,9.2,fast-bowler,,kaggle,pace,kaggle,"role comes from kaggle, not from his matches",,,
4 Weaker source,T20I,Billy Stanlake,Australia,19,9,9,75,27,7.77,fast-bowler,,kaggle,pace,kaggle,"role comes from kaggle, not from his matches",,,
4 Weaker source,T20I,Ian Butler,New Zealand,19,5,5,50,23,8.06,fast-bowler,,kaggle,pace,kaggle,"role comes from kaggle, not from his matches",,,
4 Weaker source,T20I,Nathan Bracken,Australia,19,15,5,68.18,19,6.97,fast-bowler,,kaggle,pace,kaggle,"role comes from kaggle, not from his matches",,,
4 Weaker source,T20I,Shafiul Islam,Bangladesh,19,23,4.6,69.7,19,8.11,fast-bowler,,kaggle,pace,kaggle,"role comes from kaggle, not from his matches",,,
4 Weaker source,T20I,Sufiyan Muqeem,Pakistan,19,26,5.2,105.88,27,6.28,spinner,,kaggle,spin,kaggle,"role comes from kaggle, not from his matches",,,
4 Weaker source,T20I,Anamul Haque,Bangladesh,18,396,23.29,113.79,0,,wicketkeeper,opener / middle-order,kaggle,,,"role comes from kaggle, not from his matches",,,
4 Weaker source,T20I,Blair Tickner,New Zealand,18,11,5.5,47.83,19,9.43,fast-bowler,,kaggle,pace,kaggle,"role comes from kaggle, not from his matches",,,
4 Weaker source,T20I,Gerald Coetzee,South Africa,18,128,10.67,137.63,22,9.24,fast-bowler,,kaggle,pace,kaggle,"role comes from kaggle, not from his matches",,,
4 Weaker source,T20I,Jhye Richardson,Australia,18,45,15,88.24,19,8.42,fast-bowler,,kaggle,pace,kaggle,"role comes from kaggle, not from his matches",,,
4 Weaker source,T20I,Ryan Sidebottom,England,18,5,,125,23,7.14,fast-bowler,,kaggle,pace,kaggle,"role comes from kaggle, not from his matches",,,
4 Weaker source,T20I,Samit Patel,England,18,189,15.75,109.25,7,7.64,spinner,,kaggle,spin,kaggle,"role comes from kaggle, not from his matches",,,
4 Weaker source,T20I,Scott Kuggeleijn,New Zealand,18,79,19.75,213.51,16,8.75,fast-bowler,,kaggle,pace,kaggle,"role comes from kaggle, not from his matches",,,
4 Weaker source,T20I,Dirk Nannes,Australia,17,22,11,122.22,28,7.52,fast-bowler,,kaggle,pace,kaggle,"role comes from kaggle, not from his matches",,,
4 Weaker source,T20I,Grant Elliott,New Zealand,17,171,15.55,108.92,14,7.34,fast-bowler,,kaggle,pace,kaggle,"role comes from kaggle, not from his matches",,,
4 Weaker source,T20I,James Tredwell,England,17,32,10.67,160,7,7.87,spinner,,kaggle,spin,kaggle,"role comes from kaggle, not from his matches",,,
4 Weaker source,T20I,Jason Behrendorff,Australia,17,7,7,77.78,18,8.36,fast-bowler,,kaggle,pace,kaggle,"role comes from kaggle, not from his matches",,,
4 Weaker source,T20I,Jeffrey Vandersay,Sri Lanka,17,35,11.67,87.5,8,7.97,spinner,,kaggle,spin,kaggle,"role comes from kaggle, not from his matches",,,
4 Weaker source,T20I,Josh Philippe,Australia,17,186,12.4,108.14,0,,wicketkeeper,middle-order / opener,kaggle,,,"role comes from kaggle, not from his matches",,,
4 Weaker source,T20I,Luke Wood,England,17,4,4,80,19,9.06,fast-bowler,,kaggle,pace,kaggle,"role comes from kaggle, not from his matches",,,
4 Weaker source,T20I,Salman Mirza,Pakistan,17,9,4.5,112.5,23,6.43,fast-bowler,,kaggle,pace,kaggle,"role comes from kaggle, not from his matches",,,
4 Weaker source,T20I,Aaron Phangiso,South Africa,16,19,6.33,65.52,20,7.77,spinner,,kaggle,spin,kaggle,"role comes from kaggle, not from his matches",,,
4 Weaker source,T20I,Anwar Ali,Pakistan,16,109,15.57,141.56,10,8.31,fast-bowler,,kaggle,pace,kaggle,"role comes from kaggle, not from his matches",,,
4 Weaker source,T20I,Jitesh Sharma,India,16,162,18,154.12,0,,wicketkeeper,middle-order,kaggle,,,"role comes from kaggle, not from his matches",,,
4 Weaker source,T20I,Khary Pierre,West Indies,16,31,6.2,72.73,11,9.13,spinner,,kaggle,spin,kaggle,"role comes from kaggle, not from his matches",,,
4 Weaker source,T20I,Tymal Mills,England,16,8,2.67,66.67,14,8.83,fast-bowler,,kaggle,pace,kaggle,"role comes from kaggle, not from his matches",,,
4 Weaker source,T20I,Usman Shinwari,Pakistan,16,2,,66.67,13,8.31,fast-bowler,,kaggle,pace,kaggle,"role comes from kaggle, not from his matches",,,
4 Weaker source,T20I,Ben Dwarshuis,Australia,15,63,7.88,79.75,22,9.4,fast-bowler,,kaggle,pace,kaggle,"role comes from kaggle, not from his matches",,,
4 Weaker source,T20I,Brad Hogg,Australia,15,55,13.75,141.03,7,7.61,spinner,,kaggle,spin,kaggle,"role comes from kaggle, not from his matches",,,
4 Weaker source,T20I,Lutho Sipamla,South Africa,15,17,5.67,68,11,10.47,fast-bowler,,kaggle,pace,kaggle,"role comes from kaggle, not from his matches",,,
4 Weaker source,T20I,Neville Madziva,Zimbabwe,15,88,17.6,100,12,8.9,fast-bowler,,kaggle,pace,kaggle,"role comes from kaggle, not from his matches",,,
4 Weaker source,T20I,Ronnie Hira,New Zealand,15,37,18.5,112.12,10,7.96,spinner,,kaggle,spin,kaggle,"role comes from kaggle, not from his matches",,,
4 Weaker source,T20I,Tinotenda Mutombodzi,Zimbabwe,15,134,12.18,93.39,7,7.23,spinner,,kaggle,spin,kaggle,"role comes from kaggle, not from his matches",,,
4 Weaker source,T20I,Wiaan Mulder,South Africa,15,152,15.2,104.83,13,9.38,fast-bowler,,kaggle,pace,kaggle,"role comes from kaggle, not from his matches",,,
4 Weaker source,T20I,Azam Khan,Pakistan,14,88,8.8,145,0,,wicketkeeper,middle-order,kaggle,,,"role comes from kaggle, not from his matches",,,
4 Weaker source,T20I,Brydon Carse,England,14,46,9.2,124.32,20,9.22,fast-bowler,,kaggle,pace,kaggle,"role comes from kaggle, not from his matches",,,
4 Weaker source,T20I,Cooper Connolly,Australia,14,91,10.11,122.97,3,9.24,spinner,,kaggle,spin,kaggle,"role comes from kaggle, not from his matches",,,
4 Weaker source,T20I,Dimitri Mascarenhas,England,14,123,15.38,123,12,7.36,fast-bowler,,kaggle,pace,kaggle,"role comes from kaggle, not from his matches",,,
4 Weaker source,T20I,Eshan Malinga,Sri Lanka,14,18,9,112.5,11,10.43,fast-bowler,,kaggle,pace,kaggle,"role comes from kaggle, not from his matches",,,
4 Weaker source,T20I,Harshit Rana,India,14,101,14.43,110.99,16,9.71,fast-bowler,,kaggle,pace,kaggle,"role comes from kaggle, not from his matches",,,
4 Weaker source,T20I,Michael Yardy,England,14,96,32,133.33,11,6.5,spinner,,kaggle,spin,kaggle,"role comes from kaggle, not from his matches",,,
4 Weaker source,T20I,Rehan Ahmed,England,14,74,14.8,142.31,15,9.5,spinner,,kaggle,spin,kaggle,"role comes from kaggle, not from his matches",,,
4 Weaker source,T20I,Tendai Chisoro,Zimbabwe,14,43,10.75,82.5,12,6.94,fast-bowler,,kaggle,pace,kaggle,"role comes from kaggle, not from his matches",,,
4 Weaker source,T20I,Tinashe Panyangara,Zimbabwe,14,23,23,60,20,7.88,fast-bowler,,kaggle,pace,kaggle,"role comes from kaggle, not from his matches",,,
4 Weaker source,T20I,Ashley Nurse,West Indies,13,85,42.5,119.72,8,7.95,spinner,,kaggle,spin,kaggle,"role comes from kaggle, not from his matches",,,
4 Weaker source,T20I,Benjamin Lister,New Zealand,13,1,0.5,16.67,11,8.3,fast-bowler,,kaggle,pace,kaggle,"role comes from kaggle, not from his matches",,,
4 Weaker source,T20I,Brandon Mavuta,Zimbabwe,13,65,16.25,130.95,10,7.31,spinner,,kaggle,spin,kaggle,"role comes from kaggle, not from his matches",,,
4 Weaker source,T20I,Dane Cleaver,New Zealand,13,222,22.2,134.55,0,,wicketkeeper,middle-order,kaggle,spin,kaggle,"role comes from kaggle, not from his matches",,,
4 Weaker source,T20I,Mohammad Sami,Pakistan,13,21,21,70,21,8.41,fast-bowler,,kaggle,pace,kaggle,"role comes from kaggle, not from his matches",,,
4 Weaker source,T20I,Yasir Arafat,Pakistan,13,92,13.14,116.46,16,8.03,fast-bowler,,kaggle,pace,kaggle,"role comes from kaggle, not from his matches",,,
4 Weaker source,T20I,Ainsley Ndlovu,Zimbabwe,12,33,16.5,76.92,4,8.03,spinner,,kaggle,spin,kaggle,"role comes from kaggle, not from his matches",,,
4 Weaker source,T20I,Devon Thomas,West Indies,12,51,8.5,94.44,0,,wicketkeeper,middle-order,kaggle,pace,kaggle,"role comes from kaggle, not from his matches",,,
4 Weaker source,T20I,Krishmar Santokie,West Indies,12,0,,,18,6.81,fast-bowler,,kaggle,pace,kaggle,"role comes from kaggle, not from his matches",,,
4 Weaker source,T20I,Ryan McLaren,South Africa,12,9,9,69.23,17,7.57,fast-bowler,,kaggle,pace,kaggle,"role comes from kaggle, not from his matches",,,
4 Weaker source,T20I,Abu Hider,Bangladesh,11,37,37,127.59,5,9.83,fast-bowler,,kaggle,pace,kaggle,"role comes from kaggle, not from his matches",,,
4 Weaker source,T20I,Andile Simelane,South Africa,11,56,8,98.25,9,10.31,fast-bowler,,kaggle,pace,kaggle,"role comes from kaggle, not from his matches",,,
4 Weaker source,T20I,Brian Vitori,Zimbabwe,11,8,,114.29,4,8.14,fast-bowler,,kaggle,pace,kaggle,"role comes from kaggle, not from his matches",,,
4 Weaker source,T20I,Farhad Reza,Bangladesh,11,65,8.13,78.31,5,10.29,fast-bowler,,kaggle,pace,kaggle,"role comes from kaggle, not from his matches",,,
4 Weaker source,T20I,Hamish Bennett,New Zealand,11,1,,50,10,9.24,fast-bowler,,kaggle,pace,kaggle,"role comes from kaggle, not from his matches",,,
4 Weaker source,T20I,Mark Gillespie,New Zealand,11,21,10.5,72.41,10,7.29,fast-bowler,,kaggle,pace,kaggle,"role comes from kaggle, not from his matches",,,
4 Weaker source,T20I,Navdeep Saini,India,11,12,,109.09,13,7.16,fast-bowler,,kaggle,pace,kaggle,"role comes from kaggle, not from his matches",,,
4 Weaker source,T20I,Shahnawaz Dhani,Pakistan,11,16,16,266.67,8,9.06,fast-bowler,,kaggle,pace,kaggle,"role comes from kaggle, not from his matches",,,
4 Weaker source,T20I,Xavier Doherty,Australia,11,18,18,105.88,10,7.89,spinner,,kaggle,spin,kaggle,"role comes from kaggle, not from his matches",,,
4 Weaker source,T20I,Amit Mishra,India,10,0,0,,16,6.32,spinner,,kaggle,spin,kaggle,"role comes from kaggle, not from his matches",,,
4 Weaker source,T20I,Arafat Sunny,Bangladesh,10,34,11.33,113.33,12,7.42,spinner,,kaggle,spin,kaggle,"role comes from kaggle, not from his matches",,,
4 Weaker source,T20I,Daniel Sams,Australia,10,106,26.5,170.97,7,10.17,fast-bowler,,kaggle,pace,kaggle,"role comes from kaggle, not from his matches",,,
4 Weaker source,T20I,Dominic Drakes,West Indies,10,15,3,78.95,6,9.06,fast-bowler,,kaggle,pace,kaggle,"role comes from kaggle, not from his matches",,,
4 Weaker source,T20I,Faraz Akram,Zimbabwe,10,97,24.25,149.18,2,10.31,fast-bowler,,kaggle,pace,kaggle,"role comes from kaggle, not from his matches",,,
4 Weaker source,T20I,Gareth Hopkins,New Zealand,10,86,10.75,121.13,0,,wicketkeeper,middle-order,kaggle,,,"role comes from kaggle, not from his matches",,,
4 Weaker source,T20I,Jaydev Unadkat,India,10,0,,,14,8.68,fast-bowler,,kaggle,pace,kaggle,"role comes from kaggle, not from his matches",,,
4 Weaker source,T20I,Junior Dala,South Africa,10,19,19,67.86,13,9.59,fast-bowler,,kaggle,pace,kaggle,"role comes from kaggle, not from his matches",,,
4 Weaker source,T20I,Matthew Prior,England,10,127,21.17,127,0,,wicketkeeper,opener,kaggle,,,"role comes from kaggle, not from his matches",,,
4 Weaker source,T20I,Nazmul Islam,Bangladesh,10,8,8,80,6,7.58,spinner,,kaggle,spin,kaggle,"role comes from kaggle, not from his matches",,,
4 Weaker source,T20I,Praveen Kumar,India,10,7,2.33,43.75,8,7.42,fast-bowler,,kaggle,pace,kaggle,"role comes from kaggle, not from his matches",,,
4 Weaker source,T20I,R P Singh,India,10,3,,100,15,6.82,fast-bowler,,kaggle,pace,kaggle,"role comes from kaggle, not from his matches",,,
4 Weaker source,T20I,Raza Hasan,Pakistan,10,18,,72,10,5.76,spinner,,kaggle,spin,kaggle,"role comes from kaggle, not from his matches",,,
4 Weaker source,T20I,Sohag Gazi,Bangladesh,10,57,14.25,96.61,4,8.54,spinner,,kaggle,spin,kaggle,"role comes from kaggle, not from his matches",,,
4 Weaker source,T20I,Zaman Khan,Pakistan,10,8,,0,7,7.49,fast-bowler,,kaggle,pace,kaggle,"role comes from kaggle, not from his matches",,,
4 Weaker source,IPL,Dinesh Karthik,"Gujarat Lions, Kolkata Knight Riders, Royal Challengers Bengaluru, Delhi Capitals, Punjab Kings, Mumbai Indians",257,4842,26.32,135.36,0,,wicketkeeper,middle-order,kaggle,,,"role comes from kaggle, not from his matches",,,
4 Weaker source,IPL,Ravichandran Ashwin,"Punjab Kings, Delhi Capitals, Rajasthan Royals, Chennai Super Kings, Rising Pune Supergiant",219,833,13.02,118.16,187,7.2,spinner,,kaggle,spin,kaggle,"role comes from kaggle, not from his matches",,,
4 Weaker source,IPL,Bhuvneshwar Kumar,"Sunrisers Hyderabad, Royal Challengers Bengaluru, Pune Warriors",206,354,9.32,93.9,226,7.71,fast-bowler,,kaggle,pace,kaggle,"role comes from kaggle, not from his matches",,,
4 Weaker source,IPL,Sunil Narine,Kolkata Knight Riders,201,1820,17.5,165.3,207,6.79,spinner,,kaggle,spin,kaggle,"role comes from kaggle, not from his matches",,,
4 Weaker source,IPL,Piyush Chawla,"Kolkata Knight Riders, Chennai Super Kings, Mumbai Indians, Punjab Kings",192,624,11.14,110.83,192,7.96,spinner,,kaggle,spin,kaggle,"role comes from kaggle, not from his matches",,,
4 Weaker source,IPL,Sanju Samson,"Delhi Capitals, Rajasthan Royals, Chennai Super Kings",190,5181,31.79,141.13,0,,wicketkeeper,middle-order / opener,kaggle,,,"role comes from kaggle, not from his matches",,,
4 Weaker source,IPL,Yuzvendra Chahal,"Royal Challengers Bengaluru, Rajasthan Royals, Punjab Kings, Mumbai Indians",189,37,5.29,43.02,233,8.05,spinner,,kaggle,spin,kaggle,"role comes from kaggle, not from his matches",,,
4 Weaker source,IPL,Amit Mishra,"Delhi Capitals, Lucknow Super Giants, Deccan Chargers, Sunrisers Hyderabad",162,381,11.91,90.93,174,7.38,spinner,,kaggle,spin,kaggle,"role comes from kaggle, not from his matches",,,
4 Weaker source,IPL,Sandeep Sharma,"Punjab Kings, Sunrisers Hyderabad, Rajasthan Royals",142,60,10,80,151,8.16,fast-bowler,,kaggle,pace,kaggle,"role comes from kaggle, not from his matches",,,
4 Weaker source,IPL,Parthiv Patel,"Mumbai Indians, Royal Challengers Bengaluru, Chennai Super Kings, Kochi Tuskers Kerala, Deccan Chargers, Sunrisers Hyderabad",139,2848,22.6,120.78,0,,wicketkeeper,opener,kaggle,,,"role comes from kaggle, not from his matches",,,
4 Weaker source,IPL,Ishan Kishan,"Gujarat Lions, Mumbai Indians, Sunrisers Hyderabad",134,3600,30.51,143.54,0,24,wicketkeeper,middle-order / opener,kaggle,,,"role comes from kaggle, not from his matches",,,
4 Weaker source,IPL,Mohit Sharma,"Punjab Kings, Chennai Super Kings, Delhi Capitals, Gujarat Titans",120,125,6.94,91.91,134,8.77,fast-bowler,,kaggle,pace,kaggle,"role comes from kaggle, not from his matches",,,
4 Weaker source,IPL,Praveen Kumar,"Gujarat Lions, Royal Challengers Bengaluru, Punjab Kings, Mumbai Indians, Sunrisers Hyderabad",119,340,8.95,108.28,90,7.73,fast-bowler,,kaggle,pace,kaggle,"role comes from kaggle, not from his matches",,,
4 Weaker source,IPL,Jaydev Unadkat,"Rising Pune Supergiant, Rajasthan Royals, Mumbai Indians, Lucknow Super Giants, Sunrisers Hyderabad, Kolkata Knight Riders, Royal Challengers Bengaluru, Delhi Capitals",116,201,12.56,118.93,114,8.94,fast-bowler,,kaggle,pace,kaggle,"role comes from kaggle, not from his matches",,,
4 Weaker source,IPL,Shardul Thakur,"Rising Pune Supergiant, Chennai Super Kings, Delhi Capitals, Kolkata Knight Riders, Lucknow Super Giants, Mumbai Indians, Punjab Kings",114,349,11.63,132.7,119,9.57,fast-bowler,,kaggle,pace,kaggle,"role comes from kaggle, not from his matches",,,
4 Weaker source,IPL,Naman Ojha,"Sunrisers Hyderabad, Delhi Capitals, Rajasthan Royals",113,1554,20.72,118.35,0,,wicketkeeper,middle-order / opener,kaggle,,,"role comes from kaggle, not from his matches",,,
4 Weaker source,IPL,Nicholas Pooran,"Punjab Kings, Sunrisers Hyderabad, Lucknow Super Giants",104,2527,31.59,164.09,0,,wicketkeeper,middle-order,kaggle,,,"role comes from kaggle, not from his matches",,,
4 Weaker source,IPL,Vinay Kumar,"Mumbai Indians, Kolkata Knight Riders, Royal Challengers Bengaluru, Kochi Tuskers Kerala",104,310,11.07,113.14,105,8.39,fast-bowler,,kaggle,pace,kaggle,"role comes from kaggle, not from his matches",,,
4 Weaker source,IPL,Deepak Chahar,"Rising Pune Supergiant, Chennai Super Kings, Mumbai Indians",103,142,14.2,137.86,96,8.3,fast-bowler,,kaggle,pace,kaggle,"role comes from kaggle, not from his matches",,,
4 Weaker source,IPL,Arshdeep Singh,Punjab Kings,97,32,5.33,68.09,111,9.19,fast-bowler,,kaggle,pace,kaggle,"role comes from kaggle, not from his matches",,,
4 Weaker source,IPL,Rajat Bhatia,"Rising Pune Supergiant, Delhi Capitals, Kolkata Knight Riders, Rajasthan Royals",95,342,11.4,120.42,71,7.41,fast-bowler,,kaggle,pace,kaggle,"role comes from kaggle, not from his matches",,,
4 Weaker source,IPL,Dhawal Kulkarni,"Gujarat Lions, Rajasthan Royals, Mumbai Indians",92,104,11.56,96.3,86,8.31,fast-bowler,,kaggle,pace,kaggle,"role comes from kaggle, not from his matches",,,
4 Weaker source,IPL,Pragyan Ojha,"Deccan Chargers, Mumbai Indians",92,16,1.33,35.56,89,7.37,spinner,,kaggle,spin,kaggle,"role comes from kaggle, not from his matches",,,
4 Weaker source,IPL,Karn Sharma,"Mumbai Indians, Chennai Super Kings, Royal Challengers Bengaluru, Sunrisers Hyderabad",90,352,13.54,119.32,83,8.38,spinner,,kaggle,spin,kaggle,"role comes from kaggle, not from his matches",,,
4 Weaker source,IPL,Ashish Nehra,"Sunrisers Hyderabad, Mumbai Indians, Delhi Capitals, Pune Warriors, Chennai Super Kings",88,41,5.86,66.13,106,7.85,fast-bowler,,kaggle,pace,kaggle,"role comes from kaggle, not from his matches",,,
4 Weaker source,IPL,Ravi Bishnoi,"Punjab Kings, Lucknow Super Giants, Rajasthan Royals",86,45,3.75,65.22,83,8.36,spinner,,kaggle,spin,kaggle,"role comes from kaggle, not from his matches",,,
4 Weaker source,IPL,R P Singh,"Deccan Chargers, Kochi Tuskers Kerala, Mumbai Indians, Royal Challengers Bengaluru, Rising Pune Supergiant",82,52,3.47,68.42,90,7.9,fast-bowler,,kaggle,pace,kaggle,"role comes from kaggle, not from his matches",,,
4 Weaker source,IPL,Rahul Chahar,"Rising Pune Supergiant, Mumbai Indians, Punjab Kings, Sunrisers Hyderabad, Chennai Super Kings",80,129,8.06,104.03,75,7.78,spinner,,kaggle,spin,kaggle,"role comes from kaggle, not from his matches",,,
4 Weaker source,IPL,Ashok Dinda,"Rising Pune Supergiant, Kolkata Knight Riders, Delhi Capitals, Pune Warriors, Royal Challengers Bengaluru",78,26,2.6,54.17,69,8.2,fast-bowler,,kaggle,pace,kaggle,"role comes from kaggle, not from his matches",,,
4 Weaker source,IPL,Thangarasu Natarajan,"Punjab Kings, Sunrisers Hyderabad, Delhi Capitals",74,4,,57.14,73,9.19,fast-bowler,,kaggle,pace,kaggle,"role comes from kaggle, not from his matches",,,
4 Weaker source,IPL,Lakshmipathy Balaji,"Chennai Super Kings, Kolkata Knight Riders, Punjab Kings",73,36,4.5,73.47,76,8.05,fast-bowler,,kaggle,pace,kaggle,"role comes from kaggle, not from his matches",,,
4 Weaker source,IPL,Shahbaz Nadeem,"Delhi Capitals, Sunrisers Hyderabad",72,39,2.79,44.83,48,7.56,spinner,,kaggle,spin,kaggle,"role comes from kaggle, not from his matches",,,
4 Weaker source,IPL,Jitesh Sharma,"Punjab Kings, Royal Challengers Bengaluru",71,1107,23.06,152.48,0,,wicketkeeper,middle-order,kaggle,,,"role comes from kaggle, not from his matches",,,
4 Weaker source,IPL,Prabhsimran Singh,Punjab Kings,66,1865,29.6,156.85,0,,wicketkeeper,opener,kaggle,,,"role comes from kaggle, not from his matches",,,
4 Weaker source,IPL,Heinrich Klaasen,"Rajasthan Royals, Royal Challengers Bengaluru, Sunrisers Hyderabad",64,2104,42.08,166.72,0,,wicketkeeper,middle-order,kaggle,,,"role comes from kaggle, not from his matches",,,
4 Weaker source,IPL,Munaf Patel,"Gujarat Lions, Rajasthan Royals, Mumbai Indians",63,39,6.5,95.12,74,7.52,fast-bowler,,kaggle,pace,kaggle,"role comes from kaggle, not from his matches",,,
4 Weaker source,IPL,Shadab Jakati,"Gujarat Lions, Chennai Super Kings, Royal Challengers Bengaluru",59,28,28,96.55,47,8.02,spinner,,kaggle,spin,kaggle,"role comes from kaggle, not from his matches",,,
4 Weaker source,IPL,Dhruv Jurel,Rajasthan Royals,57,1195,31.45,154.19,0,,wicketkeeper,middle-order,kaggle,,,"role comes from kaggle, not from his matches",,,
4 Weaker source,IPL,Jason Holder,"Sunrisers Hyderabad, Lucknow Super Giants, Rajasthan Royals, Gujarat Titans, Chennai Super Kings, Kolkata Knight Riders",57,324,12.46,123.19,70,8.58,fast-bowler,,kaggle,pace,kaggle,"role comes from kaggle, not from his matches",,,
4 Weaker source,IPL,Mitchell McClenaghan,Mumbai Indians,56,85,6.54,121.43,71,8.49,fast-bowler,,kaggle,pace,kaggle,"role comes from kaggle, not from his matches",,,
4 Weaker source,IPL,Murali Kartik,"Kolkata Knight Riders, Pune Warriors, Royal Challengers Bengaluru, Punjab Kings",56,113,16.14,104.63,31,7.25,spinner,,kaggle,spin,kaggle,"role comes from kaggle, not from his matches",,,
4 Weaker source,IPL,Siddarth Kaul,"Sunrisers Hyderabad, Royal Challengers Bengaluru, Delhi Capitals",55,20,5,55.56,58,8.63,fast-bowler,,kaggle,pace,kaggle,"role comes from kaggle, not from his matches",,,
4 Weaker source,IPL,Mitchell Johnson,"Mumbai Indians, Kolkata Knight Riders, Punjab Kings",54,167,12.85,101.83,61,8.29,fast-bowler,,kaggle,pace,kaggle,"role comes from kaggle, not from his matches",,,
4 Weaker source,IPL,Tushar Deshpande,"Delhi Capitals, Chennai Super Kings, Rajasthan Royals",53,54,13.5,150,55,10.11,fast-bowler,,kaggle,pace,kaggle,"role comes from kaggle, not from his matches",,,
4 Weaker source,IPL,Lockie Ferguson,"Rising Pune Supergiant, Kolkata Knight Riders, Gujarat Titans, Royal Challengers Bengaluru, Punjab Kings",52,72,24,153.19,52,9.21,fast-bowler,,kaggle,pace,kaggle,"role comes from kaggle, not from his matches",,,
4 Weaker source,IPL,Shreyas Gopal,"Rajasthan Royals, Sunrisers Hyderabad, Mumbai Indians",52,180,12.86,106.51,52,8.17,spinner,,kaggle,spin,kaggle,"role comes from kaggle, not from his matches",,,
4 Weaker source,IPL,Varun Aaron,"Punjab Kings, Rajasthan Royals, Gujarat Titans, Delhi Capitals, Royal Challengers Bengaluru",52,50,10,69.44,44,8.94,fast-bowler,,kaggle,pace,kaggle,"role comes from kaggle, not from his matches",,,
4 Weaker source,IPL,Noor Ahmad,"Gujarat Titans, Chennai Super Kings",51,31,2.82,53.45,61,8.17,spinner,,kaggle,spin,kaggle,"role comes from kaggle, not from his matches",,,
4 Weaker source,IPL,Pawan Negi,"Royal Challengers Bengaluru, Delhi Capitals, Chennai Super Kings",50,365,14.04,126.3,34,7.87,spinner,,kaggle,spin,kaggle,"role comes from kaggle, not from his matches",,,
4 Weaker source,IPL,Dan Christian,"Rising Pune Supergiant, Delhi Capitals, Royal Challengers Bengaluru, Deccan Chargers",49,460,14.84,115.58,38,8.1,fast-bowler,,kaggle,pace,kaggle,"role comes from kaggle, not from his matches",,,
4 Weaker source,IPL,IQBAL ABDULLA,"Royal Challengers Bengaluru, Kolkata Knight Riders, Rajasthan Royals",49,88,44,104.76,40,7.23,spinner,,kaggle,spin,kaggle,"role comes from kaggle, not from his matches",,,
4 Weaker source,IPL,Marco Jansen,"Mumbai Indians, Sunrisers Hyderabad, Punjab Kings",49,192,12.8,110.34,45,9.63,fast-bowler,,kaggle,pace,kaggle,"role comes from kaggle, not from his matches",,,
4 Weaker source,IPL,Tristan Stubbs,"Mumbai Indians, Delhi Capitals",47,980,39.2,151.23,4,11.5,wicketkeeper,middle-order,kaggle,spin,kaggle,"role comes from kaggle, not from his matches",,,
4 Weaker source,IPL,Manpreet Gony,"Gujarat Lions, Chennai Super Kings, Deccan Chargers, Punjab Kings",44,99,9.9,139.44,37,8.7,fast-bowler,,kaggle,pace,kaggle,"role comes from kaggle, not from his matches",,,
4 Weaker source,IPL,Murugan Ashwin,"Royal Challengers Bengaluru, Punjab Kings, Mumbai Indians, Rajasthan Royals, Rising Pune Supergiant",44,35,3.89,70,35,8.01,spinner,,kaggle,spin,kaggle,"role comes from kaggle, not from his matches",,,
4 Weaker source,IPL,Vaibhav Arora,"Punjab Kings, Kolkata Knight Riders",43,10,2.5,37.04,47,9.74,fast-bowler,,kaggle,pace,kaggle,"role comes from kaggle, not from his matches",,,
4 Weaker source,IPL,Yash Dayal,"Gujarat Titans, Royal Challengers Bengaluru",43,4,1.33,44.44,41,9.58,fast-bowler,,kaggle,pace,kaggle,"role comes from kaggle, not from his matches",,,
4 Weaker source,IPL,Ajit Agarkar,"Kolkata Knight Riders, Delhi Capitals",42,179,17.9,116.23,29,8.83,fast-bowler,,kaggle,pace,kaggle,"role comes from kaggle, not from his matches",,,
4 Weaker source,IPL,Pradeep Sangwan,"Gujarat Lions, Mumbai Indians, Gujarat Titans, Delhi Capitals, Kolkata Knight Riders",42,26,3.25,59.09,38,8.69,fast-bowler,,kaggle,pace,kaggle,"role comes from kaggle, not from his matches",,,
4 Weaker source,IPL,Mayank Markande,"Mumbai Indians, Rajasthan Royals, Sunrisers Hyderabad",40,48,16,114.29,37,9.16,spinner,,kaggle,spin,kaggle,"role comes from kaggle, not from his matches",,,
4 Weaker source,IPL,Phil Salt,"Delhi Capitals, Kolkata Knight Riders, Royal Challengers Bengaluru",40,1258,34,174.48,0,,wicketkeeper,opener,kaggle,spin,kaggle,"role comes from kaggle, not from his matches",,,
4 Weaker source,IPL,Manvinder Bisla,"Punjab Kings, Kolkata Knight Riders, Royal Challengers Bengaluru",39,798,21,113.68,0,,wicketkeeper,opener / middle-order,kaggle,,,"role comes from kaggle, not from his matches",,,
4 Weaker source,IPL,Nathan Coulter-Nile,"Kolkata Knight Riders, Mumbai Indians, Rajasthan Royals, Delhi Capitals",39,82,7.45,113.89,48,7.7,fast-bowler,,kaggle,pace,kaggle,"role comes from kaggle, not from his matches",,,
4 Weaker source,IPL,Suyash Sharma,"Kolkata Knight Riders, Royal Challengers Bengaluru",39,0,,,27,8.89,spinner,,kaggle,spin,kaggle,"role comes from kaggle, not from his matches",,,
4 Weaker source,IPL,Maheesh Theekshana,"Chennai Super Kings, Rajasthan Royals",38,17,5.67,50,36,8.27,spinner,,kaggle,spin,kaggle,"role comes from kaggle, not from his matches",,,
4 Weaker source,IPL,Ryan Harris,"Deccan Chargers, Punjab Kings",37,117,9.75,104.46,45,7.55,fast-bowler,,kaggle,pace,kaggle,"role comes from kaggle, not from his matches",,,
4 Weaker source,IPL,Wanindu Hasaranga,"Royal Challengers Bengaluru, Rajasthan Royals",37,81,5.4,92.05,46,8.41,spinner,,kaggle,spin,kaggle,"role comes from kaggle, not from his matches",,,
4 Weaker source,IPL,Abishek Porel,Delhi Capitals,36,769,25.63,145.37,0,,wicketkeeper,middle-order / opener,kaggle,,,"role comes from kaggle, not from his matches",,,
4 Weaker source,IPL,Krishnappa Gowtham,"Rajasthan Royals, Punjab Kings, Lucknow Super Giants",36,247,13.72,166.89,21,8.24,spinner,,kaggle,spin,kaggle,"role comes from kaggle, not from his matches",,,
4 Weaker source,IPL,Aditya Tare,"Delhi Capitals, Mumbai Indians, Sunrisers Hyderabad",35,339,14.13,124.18,0,,wicketkeeper,middle-order / opener,kaggle,,,"role comes from kaggle, not from his matches",,,
4 Weaker source,IPL,Chris Jordan,"Sunrisers Hyderabad, Punjab Kings, Chennai Super Kings, Mumbai Indians, Royal Challengers Bengaluru",34,81,8.1,105.19,30,9.61,fast-bowler,,kaggle,pace,kaggle,"role comes from kaggle, not from his matches",,,
4 Weaker source,IPL,Kartik Tyagi,"Rajasthan Royals, Sunrisers Hyderabad, Gujarat Titans, Kolkata Knight Riders",34,24,3.43,92.31,33,9.98,fast-bowler,,kaggle,pace,kaggle,"role comes from kaggle, not from his matches",,,
4 Weaker source,IPL,Navdeep Saini,"Royal Challengers Bengaluru, Rajasthan Royals, Kolkata Knight Riders",34,33,8.25,89.19,23,8.97,fast-bowler,,kaggle,pace,kaggle,"role comes from kaggle, not from his matches",,,
4 Weaker source,IPL,Harshit Rana,Kolkata Knight Riders,33,59,9.83,105.36,40,9.51,fast-bowler,,kaggle,pace,kaggle,"role comes from kaggle, not from his matches",,,
4 Weaker source,IPL,Matheesha Pathirana,"Chennai Super Kings, Kolkata Knight Riders",33,0,,,47,8.66,fast-bowler,,kaggle,pace,kaggle,"role comes from kaggle, not from his matches",,,
4 Weaker source,IPL,Parvinder Awana,Punjab Kings,33,5,2.5,35.71,39,8.27,fast-bowler,,kaggle,pace,kaggle,"role comes from kaggle, not from his matches",,,
4 Weaker source,IPL,Pravin Tambe,"Rajasthan Royals, Gujarat Lions",33,18,9,46.15,28,7.75,spinner,,kaggle,spin,kaggle,"role comes from kaggle, not from his matches",,,
4 Weaker source,IPL,Wayne Parnell,"Royal Challengers Bengaluru, Pune Warriors, Delhi Capitals",33,65,6.5,81.25,35,7.78,fast-bowler,,kaggle,pace,kaggle,"role comes from kaggle, not from his matches",,,
4 Weaker source,IPL,Shivam Mavi,Kolkata Knight Riders,32,51,5.67,91.07,30,8.71,fast-bowler,,kaggle,pace,kaggle,"role comes from kaggle, not from his matches",,,
4 Weaker source,IPL,Debabrata Das,Kolkata Knight Riders,31,304,21.71,116.48,0,,wicketkeeper,middle-order,kaggle,spin,kaggle,"role comes from kaggle, not from his matches",,,
4 Weaker source,IPL,Mohsin Khan,Lucknow Super Giants,31,25,5,89.29,38,8.41,fast-bowler,,kaggle,pace,kaggle,"role comes from kaggle, not from his matches",,,
4 Weaker source,IPL,Shreevats Goswami,"Sunrisers Hyderabad, Royal Challengers Bengaluru, Kolkata Knight Riders, Rajasthan Royals",31,293,14.65,99.32,0,,wicketkeeper,opener / middle-order,kaggle,,,"role comes from kaggle, not from his matches",,,
4 Weaker source,IPL,Andrew Tye,"Gujarat Lions, Punjab Kings, Rajasthan Royals, Lucknow Super Giants",30,91,10.11,119.74,42,8.59,fast-bowler,,kaggle,pace,kaggle,"role comes from kaggle, not from his matches",,,
4 Weaker source,IPL,Sam Billings,"Delhi Capitals, Chennai Super Kings, Kolkata Knight Riders",30,503,19.35,129.64,0,,wicketkeeper,middle-order / opener,kaggle,,,"role comes from kaggle, not from his matches",,,
4 Weaker source,IPL,Ankit Rajpoot,"Kolkata Knight Riders, Punjab Kings, Rajasthan Royals, Chennai Super Kings",29,26,5.2,63.41,24,9.23,fast-bowler,,kaggle,pace,kaggle,"role comes from kaggle, not from his matches",,,
4 Weaker source,IPL,Dirk Nannes,"Delhi Capitals, Royal Challengers Bengaluru, Chennai Super Kings",29,4,4,30.77,28,7.29,fast-bowler,,kaggle,pace,kaggle,"role comes from kaggle, not from his matches",,,
4 Weaker source,IPL,Sai Kishore,Gujarat Titans,28,18,4.5,112.5,33,8.99,spinner,,kaggle,spin,kaggle,"role comes from kaggle, not from his matches",,,
4 Weaker source,IPL,Arshad Khan (2),"Mumbai Indians, Lucknow Super Giants, Gujarat Titans",27,147,21,148.48,18,11.06,fast-bowler,,kaggle,pace,kaggle,"role comes from kaggle, not from his matches",,,
4 Weaker source,IPL,Doug Bollinger,Chennai Super Kings,27,21,21,91.3,37,7.22,fast-bowler,,kaggle,pace,kaggle,"role comes from kaggle, not from his matches",,,
4 Weaker source,IPL,Ramesh Powar,"Punjab Kings, Kochi Tuskers Kerala",27,67,22.33,104.69,13,7.42,spinner,,kaggle,spin,kaggle,"role comes from kaggle, not from his matches",,,
4 Weaker source,IPL,Umran Malik,Sunrisers Hyderabad,26,23,11.5,143.75,29,9.4,fast-bowler,,kaggle,pace,kaggle,"role comes from kaggle, not from his matches",,,
4 Weaker source,IPL,Vijaykumar Vyshak,"Royal Challengers Bengaluru, Punjab Kings",26,16,8,100,26,10.47,fast-bowler,,kaggle,pace,kaggle,"role comes from kaggle, not from his matches",,,
4 Weaker source,IPL,Anukul Roy,"Mumbai Indians, Kolkata Knight Riders",25,78,9.75,121.88,15,8.9,spinner,,kaggle,spin,kaggle,"role comes from kaggle, not from his matches",,,
4 Weaker source,IPL,Basil Thampi,"Gujarat Lions, Sunrisers Hyderabad, Mumbai Indians",25,32,32,91.43,22,9.74,fast-bowler,,kaggle,pace,kaggle,"role comes from kaggle, not from his matches",,,
4 Weaker source,IPL,Dishant Yagnik,Rajasthan Royals,25,170,17,124.09,0,,wicketkeeper,middle-order,kaggle,,,"role comes from kaggle, not from his matches",,,
4 Weaker source,IPL,Ishwar Chandra Pandey,"Pune Warriors, Chennai Super Kings",25,0,0,0,18,7.68,fast-bowler,,kaggle,pace,kaggle,"role comes from kaggle, not from his matches",,,
4 Weaker source,IPL,Rasikh Salam,"Mumbai Indians, Kolkata Knight Riders, Delhi Capitals, Royal Challengers Bengaluru",25,43,8.6,102.38,29,10.01,fast-bowler,,kaggle,pace,kaggle,"role comes from kaggle, not from his matches",,,
4 Weaker source,IPL,Anuj Rawat,"Rajasthan Royals, Royal Challengers Bengaluru",24,318,19.88,119.1,0,,wicketkeeper,middle-order / opener,kaggle,,,"role comes from kaggle, not from his matches",,,
4 Weaker source,IPL,Barinder Sran,"Sunrisers Hyderabad, Punjab Kings, Mumbai Indians, Rajasthan Royals",24,10,10,71.43,18,9.4,fast-bowler,,kaggle,pace,kaggle,"role comes from kaggle, not from his matches",,,
4 Weaker source,IPL,Mohammad Nabi,"Sunrisers Hyderabad, Mumbai Indians",24,215,13.44,143.33,15,7.44,spinner,,kaggle,spin,kaggle,"role comes from kaggle, not from his matches",,,
4 Weaker source,IPL,Mukesh Choudhary,Chennai Super Kings,24,8,8,100,25,9.58,fast-bowler,,kaggle,pace,kaggle,"role comes from kaggle, not from his matches",,,
4 Weaker source,IPL,Anureet Singh,"Punjab Kings, Rajasthan Royals, Kolkata Knight Riders",23,36,9,76.6,18,9.07,fast-bowler,,kaggle,pace,kaggle,"role comes from kaggle, not from his matches",,,
4 Weaker source,IPL,Adam Zampa,"Rising Pune Supergiant, Royal Challengers Bengaluru, Rajasthan Royals, Sunrisers Hyderabad",22,15,3,62.5,31,8.38,spinner,,kaggle,spin,kaggle,"role comes from kaggle, not from his matches",,,
4 Weaker source,IPL,Ankit Sharma,"Rising Pune Supergiant, Rajasthan Royals, Deccan Chargers, Sunrisers Hyderabad",22,87,12.43,129.85,12,7.36,spinner,,kaggle,spin,kaggle,"role comes from kaggle, not from his matches",,,
4 Weaker source,IPL,Eshan Malinga,Sunrisers Hyderabad,22,7,7,41.18,33,9.2,fast-bowler,,kaggle,pace,kaggle,"role comes from kaggle, not from his matches",,,
4 Weaker source,IPL,Jagadeesha Suchith,"Delhi Capitals, Sunrisers Hyderabad, Mumbai Indians",22,70,17.5,114.75,19,8.6,spinner,,kaggle,spin,kaggle,"role comes from kaggle, not from his matches",,,
4 Weaker source,IPL,Yash Thakur,"Lucknow Super Giants, Punjab Kings",22,0,,,27,10.6,fast-bowler,,kaggle,pace,kaggle,"role comes from kaggle, not from his matches",,,
4 Weaker source,IPL,Brad Hogg,"Rajasthan Royals, Kolkata Knight Riders",21,22,7.33,100,23,7.47,spinner,,kaggle,spin,kaggle,"role comes from kaggle, not from his matches",,,
4 Weaker source,IPL,Dushmantha Chameera,"Lucknow Super Giants, Kolkata Knight Riders, Delhi Capitals",21,53,13.25,117.78,13,9.82,fast-bowler,,kaggle,pace,kaggle,"role comes from kaggle, not from his matches",,,
4 Weaker source,IPL,Roelof van der Merwe,"Royal Challengers Bengaluru, Delhi Capitals",21,159,14.45,112.77,21,6.74,spinner,,kaggle,spin,kaggle,"role comes from kaggle, not from his matches",,,
4 Weaker source,IPL,Shaun Tait,Rajasthan Royals,21,23,7.67,88.46,23,8.12,fast-bowler,,kaggle,pace,kaggle,"role comes from kaggle, not from his matches",,,
4 Weaker source,IPL,Azmatullah Omarzai,"Gujarat Titans, Punjab Kings",20,151,15.1,149.5,15,9.63,fast-bowler,,kaggle,pace,kaggle,"role comes from kaggle, not from his matches",,,
4 Weaker source,IPL,Chetan Sakariya,"Rajasthan Royals, Delhi Capitals, Kolkata Knight Riders",20,20,3.33,64.52,20,8.62,fast-bowler,,kaggle,pace,kaggle,"role comes from kaggle, not from his matches",,,
4 Weaker source,IPL,Farveez Maharoof,Delhi Capitals,20,177,17.7,143.9,27,7.43,fast-bowler,,kaggle,pace,kaggle,"role comes from kaggle, not from his matches",,,
4 Weaker source,IPL,Jayant Yadav,"Delhi Capitals, Mumbai Indians, Gujarat Titans",20,40,10,111.11,8,6.85,spinner,,kaggle,spin,kaggle,"role comes from kaggle, not from his matches",,,
4 Weaker source,IPL,Mujeeb Ur Rahman,"Punjab Kings, Sunrisers Hyderabad, Mumbai Indians",20,12,4,80,20,8.34,spinner,,kaggle,spin,kaggle,"role comes from kaggle, not from his matches",,,
4 Weaker source,IPL,Jacob Oram,"Chennai Super Kings, Rajasthan Royals, Mumbai Indians",18,106,13.25,98.15,9,8.84,fast-bowler,,kaggle,pace,kaggle,"role comes from kaggle, not from his matches",,,
4 Weaker source,IPL,Mahesh Rawat,"Rajasthan Royals, Pune Warriors",18,55,11,79.71,0,,wicketkeeper,middle-order,kaggle,,,"role comes from kaggle, not from his matches",,,
4 Weaker source,IPL,Nandre Burger,Rajasthan Royals,18,14,14,155.56,21,9.67,fast-bowler,,kaggle,pace,kaggle,"role comes from kaggle, not from his matches",,,
4 Weaker source,IPL,Naveen-ul-Haq,Lucknow Super Giants,18,18,18,72,25,9.16,fast-bowler,,kaggle,pace,kaggle,"role comes from kaggle, not from his matches",,,
4 Weaker source,IPL,Rahmanullah Gurbaz,Kolkata Knight Riders,18,363,21.35,134.94,0,,wicketkeeper,opener,kaggle,,,"role comes from kaggle, not from his matches",,,
4 Weaker source,IPL,Riley Meredith,"Punjab Kings, Mumbai Indians",18,0,,0,19,9.46,fast-bowler,,kaggle,pace,kaggle,"role comes from kaggle, not from his matches",,,
4 Weaker source,IPL,Akash Madhwal,"Mumbai Indians, Rajasthan Royals",17,8,,57.14,23,10.06,fast-bowler,,kaggle,pace,kaggle,"role comes from kaggle, not from his matches",,,
4 Weaker source,IPL,Ben Hilfenhaus,Chennai Super Kings,17,0,,,22,7.73,fast-bowler,,kaggle,pace,kaggle,"role comes from kaggle, not from his matches",,,
4 Weaker source,IPL,Bhargav Bhatt,Punjab Kings,17,6,6,85.71,12,8.05,spinner,,kaggle,spin,kaggle,"role comes from kaggle, not from his matches",,,
4 Weaker source,IPL,Jason Behrendorff,Mumbai Indians,17,6,,66.67,19,9.05,fast-bowler,,kaggle,pace,kaggle,"role comes from kaggle, not from his matches",,,
4 Weaker source,IPL,Josh Inglis,"Punjab Kings, Lucknow Super Giants",17,544,38.86,173.25,0,,wicketkeeper,middle-order / opener,kaggle,,,"role comes from kaggle, not from his matches",,,
4 Weaker source,IPL,Nathan Ellis,"Punjab Kings, Chennai Super Kings",17,19,4.75,76,19,8.67,fast-bowler,,kaggle,pace,kaggle,"role comes from kaggle, not from his matches",,,
4 Weaker source,IPL,Pankaj Singh,"Rajasthan Royals, Royal Challengers Bengaluru",17,7,3.5,58.33,11,9.36,fast-bowler,,kaggle,pace,kaggle,"role comes from kaggle, not from his matches",,,
4 Weaker source,IPL,Yo Mahesh,"Delhi Capitals, Chennai Super Kings",17,15,7.5,55.56,21,8.83,fast-bowler,,kaggle,pace,kaggle,"role comes from kaggle, not from his matches",,,
4 Weaker source,IPL,Abhimanyu Mithun,Royal Challengers Bengaluru,16,34,6.8,130.77,7,9.83,fast-bowler,,kaggle,pace,kaggle,"role comes from kaggle, not from his matches",,,
4 Weaker source,IPL,Carlos Brathwaite,"Delhi Capitals, Sunrisers Hyderabad, Kolkata Knight Riders",16,181,13.92,163.06,13,8.95,fast-bowler,,kaggle,pace,kaggle,"role comes from kaggle, not from his matches",,,
4 Weaker source,IPL,Daniel Sams,"Delhi Capitals, Royal Challengers Bengaluru, Mumbai Indians",16,44,4.89,100,14,8.72,fast-bowler,,kaggle,pace,kaggle,"role comes from kaggle, not from his matches",,,
4 Weaker source,IPL,Kumar Kartikeya,"Mumbai Indians, Rajasthan Royals",16,12,3,70.59,12,8.66,spinner,,kaggle,spin,kaggle,"role comes from kaggle, not from his matches",,,
4 Weaker source,IPL,Yogesh Takawale,"Mumbai Indians, Royal Challengers Bengaluru",16,192,24,107.87,0,,wicketkeeper,opener / middle-order,kaggle,,,"role comes from kaggle, not from his matches",,,
4 Weaker source,IPL,Kane Richardson,"Royal Challengers Bengaluru, Pune Warriors, Rajasthan Royals",15,36,12,92.31,19,8.45,fast-bowler,,kaggle,pace,kaggle,"role comes from kaggle, not from his matches",,,
4 Weaker source,IPL,Marlon Samuels,"Delhi Capitals, Pune Warriors",15,161,12.38,93.6,9,7.96,spinner,,kaggle,spin,kaggle,"role comes from kaggle, not from his matches",,,
4 Weaker source,IPL,Matthew Wade,"Gujarat Titans, Delhi Capitals",15,183,13.07,103.39,0,,wicketkeeper,middle-order / opener,kaggle,pace,kaggle,"role comes from kaggle, not from his matches",,,
4 Weaker source,IPL,Akash Deep,"Royal Challengers Bengaluru, Lucknow Super Giants",14,25,8.33,178.57,10,11.83,fast-bowler,,kaggle,pace,kaggle,"role comes from kaggle, not from his matches",,,
4 Weaker source,IPL,Gerald Coetzee,"Mumbai Indians, Gujarat Titans",14,31,5.17,93.94,15,10.37,fast-bowler,,kaggle,pace,kaggle,"role comes from kaggle, not from his matches",,,
4 Weaker source,IPL,James Neesham,"Punjab Kings, Mumbai Indians, Rajasthan Royals, Delhi Capitals",14,92,10.22,98.92,8,9.28,fast-bowler,,kaggle,pace,kaggle,"role comes from kaggle, not from his matches",,,
4 Weaker source,IPL,Simarjeet Singh,"Chennai Super Kings, Sunrisers Hyderabad",14,10,3.33,66.67,11,10,fast-bowler,,kaggle,pace,kaggle,"role comes from kaggle, not from his matches",,,
4 Weaker source,IPL,Sudeep Tyagi,Chennai Super Kings,14,3,3,75,6,8.47,fast-bowler,,kaggle,pace,kaggle,"role comes from kaggle, not from his matches",,,
4 Weaker source,IPL,Swapnil Singh,"Punjab Kings, Lucknow Super Giants, Royal Challengers Bengaluru",14,51,10.2,113.33,7,8.93,spinner,,kaggle,spin,kaggle,"role comes from kaggle, not from his matches",,,
4 Weaker source,IPL,Ankeet Chavan,Rajasthan Royals,13,12,6,109.09,8,7.89,spinner,,kaggle,spin,kaggle,"role comes from kaggle, not from his matches",,,
4 Weaker source,IPL,Chidhambaram Gautam,"Delhi Capitals, Mumbai Indians",13,169,16.9,112.67,0,,wicketkeeper,middle-order / opener,kaggle,,,"role comes from kaggle, not from his matches",,,
4 Weaker source,IPL,Dimitri Mascarenhas,"Rajasthan Royals, Punjab Kings",13,79,8.78,101.28,19,6.94,fast-bowler,,kaggle,pace,kaggle,"role comes from kaggle, not from his matches",,,
4 Weaker source,IPL,Hrithik Shokeen,Mumbai Indians,13,66,22,101.54,5,9.24,spinner,,kaggle,spin,kaggle,"role comes from kaggle, not from his matches",,,
4 Weaker source,IPL,Jamie Overton,Chennai Super Kings,13,151,30.2,162.37,14,9.76,fast-bowler,,kaggle,pace,kaggle,"role comes from kaggle, not from his matches",,,
4 Weaker source,IPL,KP Appanna,Royal Challengers Bengaluru,13,2,2,50,9,7.94,spinner,,kaggle,spin,kaggle,"role comes from kaggle, not from his matches",,,
4 Weaker source,IPL,Narayan Jagadeesan,"Chennai Super Kings, Kolkata Knight Riders",13,162,18,110.2,0,,wicketkeeper,opener / middle-order,kaggle,,,"role comes from kaggle, not from his matches",,,
4 Weaker source,IPL,Tom Curran,"Kolkata Knight Riders, Rajasthan Royals, Delhi Capitals",13,127,25.4,118.69,13,10.84,fast-bowler,,kaggle,pace,kaggle,"role comes from kaggle, not from his matches",,,
4 Weaker source,IPL,Vikramjeet Malik,"Punjab Kings, Rajasthan Royals",13,7,7,100,6,7.64,fast-bowler,,kaggle,pace,kaggle,"role comes from kaggle, not from his matches",,,
4 Weaker source,IPL,Xavier Bartlett,Punjab Kings,13,40,20,142.86,7,11.13,fast-bowler,,kaggle,pace,kaggle,"role comes from kaggle, not from his matches",,,
4 Weaker source,IPL,Ajit Chandila,Rajasthan Royals,12,4,,57.14,11,6.21,spinner,,kaggle,spin,kaggle,"role comes from kaggle, not from his matches",,,
4 Weaker source,IPL,Akash Singh,"Rajasthan Royals, Chennai Super Kings, Lucknow Super Giants",12,0,,,13,9.86,fast-bowler,,kaggle,pace,kaggle,"role comes from kaggle, not from his matches",,,
4 Weaker source,IPL,Ali Murtaza,"Mumbai Indians, Pune Warriors",12,10,10,71.43,9,7.11,spinner,,kaggle,spin,kaggle,"role comes from kaggle, not from his matches",,,
4 Weaker source,IPL,Fazalhaq Farooqi,"Sunrisers Hyderabad, Rajasthan Royals",12,5,,33.33,6,10.32,fast-bowler,,kaggle,pace,kaggle,"role comes from kaggle, not from his matches",,,
4 Weaker source,IPL,KAMLESH NAGARKOTI,"Kolkata Knight Riders, Delhi Capitals",12,22,5.5,66.67,5,9.5,fast-bowler,,kaggle,pace,kaggle,"role comes from kaggle, not from his matches",,,
4 Weaker source,IPL,Kuldeep Sen,Rajasthan Royals,12,0,,0,14,9.63,fast-bowler,,kaggle,pace,kaggle,"role comes from kaggle, not from his matches",,,
4 Weaker source,IPL,Ravi Rampaul,Royal Challengers Bengaluru,12,51,10.2,102,14,6.82,fast-bowler,,kaggle,pace,kaggle,"role comes from kaggle, not from his matches",,,
4 Weaker source,IPL,Samuel Badree,"Royal Challengers Bengaluru, Rajasthan Royals, Chennai Super Kings",12,13,2.6,56.52,11,7.42,spinner,,kaggle,spin,kaggle,"role comes from kaggle, not from his matches",,,
4 Weaker source,IPL,Sanjay Bangar,"Deccan Chargers, Kolkata Knight Riders",12,49,7,84.48,4,8.76,fast-bowler,,kaggle,pace,kaggle,"role comes from kaggle, not from his matches",,,
4 Weaker source,IPL,Adam Milne,"Royal Challengers Bengaluru, Mumbai Indians, Chennai Super Kings, Rajasthan Royals",11,25,6.25,80.65,7,9.73,fast-bowler,,kaggle,pace,kaggle,"role comes from kaggle, not from his matches",,,
4 Weaker source,IPL,David Willey,"Chennai Super Kings, Royal Challengers Bengaluru",11,53,26.5,85.48,6,7.56,fast-bowler,,kaggle,pace,kaggle,"role comes from kaggle, not from his matches",,,
4 Weaker source,IPL,Harsh Dubey,Sunrisers Hyderabad,11,13,6.5,144.44,13,10.19,spinner,,kaggle,spin,kaggle,"role comes from kaggle, not from his matches",,,
4 Weaker source,IPL,Jamaluddin Syed Mohammad,Royal Challengers Bengaluru,11,29,14.5,111.54,8,8.84,spinner,,kaggle,spin,kaggle,"role comes from kaggle, not from his matches",,,
4 Weaker source,IPL,K C Cariappa,"Punjab Kings, Kolkata Knight Riders",11,24,8,114.29,8,9.67,spinner,,kaggle,spin,kaggle,"role comes from kaggle, not from his matches",,,
4 Weaker source,IPL,Parvez Rasool,"Pune Warriors, Sunrisers Hyderabad, Royal Challengers Bengaluru",11,17,8.5,85,4,8.21,spinner,,kaggle,spin,kaggle,"role comes from kaggle, not from his matches",,,
4 Weaker source,IPL,Sakib Hussain,Sunrisers Hyderabad,11,5,,71.43,15,9.45,fast-bowler,,kaggle,pace,kaggle,"role comes from kaggle, not from his matches",,,
4 Weaker source,IPL,Sohail Tanvir,Rajasthan Royals,11,36,12,124.14,22,6.46,fast-bowler,,kaggle,pace,kaggle,"role comes from kaggle, not from his matches",,,
4 Weaker source,IPL,Ajantha Mendis,"Kolkata Knight Riders, Pune Warriors",10,3,1.5,50,8,7.13,spinner,,kaggle,spin,kaggle,"role comes from kaggle, not from his matches",,,
4 Weaker source,IPL,Isuru Udana,Royal Challengers Bengaluru,10,15,5,136.36,8,9.72,fast-bowler,,kaggle,pace,kaggle,"role comes from kaggle, not from his matches",,,
4 Weaker source,IPL,Mayank Yadav,Lucknow Super Giants,10,5,5,100,9,10.15,fast-bowler,,wikidata,pace,wikidata,"role comes from wikidata, not from his matches",,,
4 Weaker source,IPL,Rohan Raje,Mumbai Indians,10,20,20,111.11,6,9.02,fast-bowler,,kaggle,pace,kaggle,"role comes from kaggle, not from his matches",,,
4 Weaker source,IPL,Sandeep Warrier,"Kolkata Knight Riders, Gujarat Titans",10,0,,,8,9.04,fast-bowler,,kaggle,pace,kaggle,"role comes from kaggle, not from his matches",,,
4 Weaker source,IPL,Srikar Bharat,"Royal Challengers Bengaluru, Delhi Capitals",10,199,28.43,122.09,0,,wicketkeeper,middle-order,kaggle,,,"role comes from kaggle, not from his matches",,,
4 Weaker source,IPL,Tymal Mills,"Royal Challengers Bengaluru, Mumbai Indians",10,8,2,57.14,11,9.85,fast-bowler,,kaggle,pace,kaggle,"role comes from kaggle, not from his matches",,,
4 Weaker source,IPL,Urvil Patel,Chennai Super Kings,10,197,19.7,205.21,0,,wicketkeeper,middle-order,kaggle,,,"role comes from kaggle, not from his matches",,,
5 No flag,ODI,M S Dhoni,India,350,10773,50.58,87.56,1,5.17,wicketkeeper,middle-order,test-data,pace,kaggle,,,,
5 No flag,ODI,Virat Kohli,India,316,15109,59.02,94.37,5,6.16,middle-order,,match-data,pace,kaggle,,,,
5 No flag,ODI,Rohit Sharma,India,290,12028,49.09,93.28,9,5.24,opener,middle-order,match-data,spin,kaggle,,,,
5 No flag,ODI,Mushfiqur Rahim,Bangladesh,274,7795,36.43,79.7,0,,wicketkeeper,middle-order,test-data,,,,,,
5 No flag,ODI,Eoin Morgan,England,248,7701,39.29,91.17,0,,middle-order,,match-data,pace,kaggle,,,,
5 No flag,ODI,Shakib Al Hasan,Bangladesh,247,7570,37.29,82.83,317,4.47,all-rounder,spinner / middle-order,match-data,spin,kaggle,,,,
5 No flag,ODI,Michael Clarke,Australia,245,7981,44.59,78.99,57,4.98,middle-order,,match-data,spin,kaggle,,,,
5 No flag,ODI,Tamim Iqbal,Bangladesh,243,8357,36.65,78.53,0,13,opener,,match-data,,,,,,
5 No flag,ODI,Mahmudullah,Bangladesh,239,5689,36.47,77.61,82,5.22,middle-order,,match-data,spin,kaggle,,,,
5 No flag,ODI,Ross Taylor,New Zealand,236,8607,47.55,83.32,0,5,middle-order,,match-data,spin,kaggle,,,,
5 No flag,ODI,Upul Tharanga,Sri Lanka,235,6951,33.74,75.93,0,,opener,,match-data,,,,,,
5 No flag,ODI,AB de Villiers,South Africa,228,9577,53.5,101.1,7,6,wicketkeeper,middle-order,test-data,pace,kaggle,,,,
5 No flag,ODI,Lasith Malinga,Sri Lanka,226,567,6.83,73.73,338,5.35,fast-bowler,,test-data,pace,test-data,,,,
5 No flag,ODI,Suresh Raina,India,226,5615,35.31,93.51,36,5.11,middle-order,,match-data,spin,kaggle,,,,
5 No flag,ODI,Mohammad Hafeez,Pakistan,218,6614,32.91,76.61,139,4.19,all-rounder,spinner / opener / middle-order,match-data,spin,kaggle,,,,
5 No flag,ODI,Ravindra Jadeja,India,212,2905,32.28,85.54,234,4.91,all-rounder,spinner / middle-order,match-data,spin,kaggle,,,,
5 No flag,ODI,Brendan Taylor,Zimbabwe,210,6756,35.01,76.52,9,6.15,wicketkeeper,middle-order / opener,test-data,spin,kaggle,,,,
5 No flag,ODI,Jos Buttler,England,204,5678,39.16,115.52,0,,wicketkeeper,middle-order,test-data,,,,,,
5 No flag,ODI,Jean-Paul Duminy,South Africa,199,5117,36.81,84.55,69,5.37,middle-order,,match-data,spin,kaggle,,,,
5 No flag,ODI,Martin Guptill,New Zealand,198,7346,41.74,87.3,4,5.39,opener,,match-data,spin,kaggle,,,,
5 No flag,ODI,Joe Root,England,195,7903,50.66,87.68,31,5.91,middle-order,,match-data,spin,kaggle,,,,
5 No flag,ODI,Michael Hussey,Australia,185,5442,48.16,87.17,2,5.88,middle-order,,match-data,pace,kaggle,,,,
5 No flag,ODI,Hashim Amla,South Africa,181,8113,49.47,88.4,0,,opener,,match-data,spin,kaggle,,,,
5 No flag,ODI,David Miller,South Africa,180,4762,42.9,104.32,0,,middle-order,,match-data,spin,kaggle,,,,
5 No flag,ODI,Kane Williamson,New Zealand,175,7256,48.7,81.59,37,5.36,middle-order,,match-data,spin,kaggle,,,,
5 No flag,ODI,Tom Latham,New Zealand,171,4664,34.04,84.51,0,,wicketkeeper,middle-order / opener,test-data,pace,kaggle,,,,
5 No flag,ODI,Steve Smith,Australia,170,5800,43.28,86.97,28,5.41,middle-order,,match-data,spin,kaggle,,,,
5 No flag,ODI,Shikhar Dhawan,India,167,6793,44.11,91.35,0,,opener,,match-data,spin,kaggle,,,,
5 No flag,ODI,Dwayne Bravo,West Indies,164,2968,25.37,82.31,199,5.41,all-rounder,fast-bowler / middle-order,match-data,pace,kaggle,,,,
5 No flag,ODI,Prosper Utseya,Zimbabwe,164,1406,16.74,58.32,133,4.37,spinner,,test-data,spin,test-data,,,,
5 No flag,ODI,Quinton de Kock,South Africa,164,7152,45.85,96.61,0,,wicketkeeper,opener,test-data,,,,,,
5 No flag,ODI,Sean Williams,Zimbabwe,164,5217,37.53,86.95,86,4.9,all-rounder,spinner / middle-order,match-data,spin,kaggle,,,,
5 No flag,ODI,David Warner,Australia,161,6932,45.31,97.26,0,8,opener,,match-data,spin,kaggle,,,,
5 No flag,ODI,Ian Bell,England,161,5416,37.87,77.16,6,6,middle-order,opener,match-data,pace,kaggle,,,,
5 No flag,ODI,Tim Southee,New Zealand,161,740,12.13,95.33,221,5.53,fast-bowler,,test-data,pace,test-data,,,,
5 No flag,ODI,Kusal Mendis,Sri Lanka,159,5160,36.34,88.37,0,8.4,wicketkeeper,middle-order,test-data,,,,,,
5 No flag,ODI,Sikandar Raza,Zimbabwe,159,4704,37.33,85.95,98,4.88,all-rounder,spinner / middle-order,match-data,spin,kaggle,,,,
5 No flag,ODI,Dinesh Chandimal,Sri Lanka,157,3854,31.85,74.24,0,,wicketkeeper,middle-order,test-data,spin,kaggle,,,,
5 No flag,ODI,Shai Hope,West Indies,157,6428,50.22,80.25,0,,wicketkeeper,middle-order / opener,test-data,,,,,,
5 No flag,ODI,Abdur Razzak,Bangladesh,153,779,13.67,75.41,207,4.57,spinner,,test-data,spin,test-data,,,,
5 No flag,ODI,Glenn Maxwell,Australia,149,3990,33.81,126.71,77,5.46,all-rounder,spinner / middle-order,match-data,spin,kaggle,,,,
5 No flag,ODI,Gautam Gambhir,India,147,5238,39.68,85.25,0,13,opener,middle-order,match-data,spin,kaggle,,,,
5 No flag,ODI,Aaron Finch,Australia,146,5406,38.89,87.73,4,5.47,opener,,match-data,spin,kaggle,,,,
5 No flag,ODI,Babar Azam,Pakistan,143,6626,53.44,86.6,0,,middle-order,,match-data,spin,kaggle,,,,
5 No flag,ODI,Faf du Plessis,South Africa,143,5507,47.47,88.61,2,5.91,middle-order,,match-data,spin,kaggle,,,,
5 No flag,ODI,Denesh Ramdin,West Indies,139,2200,25,80.35,0,,wicketkeeper,middle-order,test-data,,,,,,
5 No flag,ODI,Kevin Pietersen,England,136,4440,40.73,86.58,7,5.55,middle-order,,match-data,spin,kaggle,,,,
5 No flag,ODI,Craig Ervine,Zimbabwe,134,3770,32.78,76.7,0,,middle-order,,match-data,spin,kaggle,,,,
5 No flag,ODI,Mitchell Starc,Australia,132,610,11.96,77.41,247,5.27,fast-bowler,,test-data,pace,test-data,,,,
5 No flag,ODI,Umar Gul,Pakistan,130,457,9.72,70.16,179,5.2,fast-bowler,,test-data,pace,test-data,,,,
5 No flag,ODI,Andrew Strauss,England,127,4205,35.64,80.82,0,3,opener,middle-order,match-data,pace,kaggle,,,,
5 No flag,ODI,Lahiru Thirimanne,Sri Lanka,127,3194,34.72,72.28,3,5.42,middle-order,,match-data,pace,kaggle,,,,
5 No flag,ODI,Vusi Sibanda,Zimbabwe,127,2994,24.54,63.49,3,5.59,opener,middle-order,match-data,pace,kaggle,,,,
5 No flag,ODI,Dale Steyn,South Africa,125,365,9.36,64.95,196,4.88,fast-bowler,,test-data,pace,test-data,,,,
5 No flag,ODI,Mustafizur Rahman,Bangladesh,124,184,7.08,48.25,194,5.16,fast-bowler,,test-data,pace,test-data,,,,
5 No flag,ODI,Chris Woakes,England,122,1524,23.81,89.12,173,5.43,fast-bowler,,test-data,pace,test-data,,,,
5 No flag,ODI,Darren Bravo,West Indies,122,3109,30.18,70.12,0,,middle-order,,match-data,pace,kaggle,,,,
5 No flag,ODI,Stuart Broad,England,121,529,12.3,76.54,178,5.27,fast-bowler,,test-data,pace,test-data,,,,
5 No flag,ODI,Umar Akmal,Pakistan,121,3194,34.34,86.05,0,,wicketkeeper,middle-order,match-data (stumpings),,,,,,
5 No flag,ODI,Ravi Bopara,England,120,2695,30.63,77.85,40,4.91,middle-order,,match-data,pace,kaggle,,,,
5 No flag,ODI,Morne Morkel,South Africa,117,268,9.24,75.71,188,4.96,fast-bowler,,test-data,pace,test-data,,,,
5 No flag,ODI,Sarfaraz Ahmed,Pakistan,117,2315,33.55,87.86,0,7.5,wicketkeeper,middle-order,match-data (stumpings),,,,,,
5 No flag,ODI,Jason Roy,England,116,4271,39.92,105.53,0,,opener,,match-data,,,,,,
5 No flag,ODI,Kusal Perera,Sri Lanka,116,3237,30.54,92.88,0,,opener,middle-order,match-data,,,,,,
5 No flag,ODI,Ben Stokes,England,114,3463,41.23,95.69,74,6.05,all-rounder,fast-bowler / middle-order,match-data,pace,kaggle,,,,
5 No flag,ODI,Trent Boult,New Zealand,114,216,9,77.42,211,5,fast-bowler,,test-data,pace,test-data,,,,
5 No flag,ODI,Saeed Ajmal,Pakistan,113,324,7.04,60.49,184,4.18,spinner,,test-data,spin,test-data,,,,
5 No flag,ODI,Justice Chibhabha,Zimbabwe,109,2474,23.12,63.23,35,5.84,opener,middle-order,match-data,pace,kaggle,,,,
5 No flag,ODI,Mohammed Shami,India,108,225,7.76,82.66,206,5.58,fast-bowler,,test-data,pace,test-data,,,,
5 No flag,ODI,Imran Tahir,South Africa,107,157,7.85,69.78,173,4.65,spinner,,test-data,spin,test-data,,,,
5 No flag,ODI,Jonny Bairstow,England,107,3868,42.98,102.93,0,,wicketkeeper,opener / middle-order,test-data,pace,kaggle,,,,
5 No flag,ODI,Kagiso Rabada,South Africa,106,401,14.85,79.09,168,5.09,fast-bowler,,test-data,pace,test-data,,,,
5 No flag,ODI,Litton Das,Bangladesh,104,2869,30.85,85.51,0,,wicketkeeper,opener / middle-order,test-data,,,,,,
5 No flag,ODI,Rubel Hossain,Bangladesh,104,144,4.97,50,129,5.68,fast-bowler,,test-data,pace,test-data,,,,
5 No flag,ODI,Mohammad Rizwan,Pakistan,103,2979,40.81,84.65,0,,wicketkeeper,middle-order,test-data,,,,,,
5 No flag,ODI,Chamara Kapugedera,Sri Lanka,102,1624,21.09,72.08,2,5.11,middle-order,,match-data,pace,kaggle,,,,
5 No flag,ODI,KL Rahul,India,100,3412,49.45,91.08,0,,wicketkeeper,middle-order / opener,test-data,,,,,,
5 No flag,ODI,Josh Hazlewood,Australia,99,137,13.7,81.33,148,4.77,fast-bowler,,test-data,pace,test-data,,,,
5 No flag,ODI,Graeme Cremer,Zimbabwe,97,745,14.33,57.48,121,4.63,spinner,,test-data,spin,test-data,,,,
5 No flag,ODI,Alex Carey,Australia,96,2523,33.64,88.53,0,,wicketkeeper,middle-order,test-data,,,,,,
5 No flag,ODI,Kemar Roach,West Indies,95,308,12.83,51.94,125,5.09,fast-bowler,,test-data,pace,test-data,,,,
5 No flag,ODI,Matt Henry,New Zealand,95,270,10.38,93.1,172,5.21,fast-bowler,,test-data,pace,test-data,,,,
5 No flag,ODI,Hardik Pandya,India,94,1904,32.83,110.89,91,5.6,all-rounder,fast-bowler / middle-order,match-data,pace,kaggle,,,,
5 No flag,ODI,Taskin Ahmed,Bangladesh,94,269,7.08,59.81,137,5.34,fast-bowler,,test-data,pace,test-data,,,,
5 No flag,ODI,Dhananjaya de Silva,Sri Lanka,93,1924,25.65,77.93,48,5.09,all-rounder,spinner / middle-order,match-data,spin,kaggle,,,,
5 No flag,ODI,Alastair Cook,England,92,3204,36.41,77.13,0,,opener,,match-data,spin,kaggle,,,,
5 No flag,ODI,Fakhar Zaman,Pakistan,92,3861,45.42,93.15,1,4.93,opener,,match-data,spin,kaggle,,,,
5 No flag,ODI,Henry Nicholls,New Zealand,92,2415,32.64,78.79,0,,middle-order,opener,match-data,spin,kaggle,,,,
5 No flag,ODI,Cameron White,Australia,91,2072,33.97,80.12,12,6.36,middle-order,,match-data,spin,kaggle,,,,
5 No flag,ODI,Jasprit Bumrah,India,91,111,9.25,64.33,151,4.58,fast-bowler,,test-data,pace,test-data,,,,
5 No flag,ODI,Pat Cummins,Australia,91,548,14.42,82.68,143,5.26,fast-bowler,,test-data,pace,test-data,,,,
5 No flag,ODI,Wahab Riaz,Pakistan,91,740,14.51,86.31,120,5.71,fast-bowler,,test-data,pace,test-data,,,,
5 No flag,ODI,Ajinkya Rahane,India,90,2962,35.26,78.63,0,,opener,middle-order,match-data,pace,kaggle,,,,
5 No flag,ODI,Alzarri Joseph,West Indies,90,514,14.69,75.51,142,5.53,fast-bowler,,test-data,pace,test-data,,,,
5 No flag,ODI,George Bailey,Australia,90,3044,40.59,83.51,0,,middle-order,,match-data,pace,kaggle,,,,
5 No flag,ODI,Jerome Taylor,West Indies,90,278,8.42,87.16,128,5.22,fast-bowler,,test-data,pace,test-data,,,,
5 No flag,ODI,Aiden Markram,South Africa,88,2723,36.31,97.84,21,5.84,middle-order,opener,match-data,spin,kaggle,,,,
5 No flag,ODI,Charith Asalanka,Sri Lanka,88,2798,40.55,90.11,19,4.99,middle-order,,match-data,spin,kaggle,,,,
5 No flag,ODI,Tendai Chatara,Zimbabwe,87,206,6.44,48.89,115,5.29,fast-bowler,,test-data,pace,test-data,,,,
5 No flag,ODI,Soumya Sarkar,Bangladesh,86,2488,32.31,93.78,17,6.08,opener,middle-order,match-data,pace,kaggle,,,,
5 No flag,ODI,Suranga Lakmal,Sri Lanka,86,244,9.38,58.57,109,5.46,fast-bowler,,test-data,pace,test-data,,,,
5 No flag,ODI,Aftab Ahmed,Bangladesh,85,1954,24.73,82.73,12,5.33,middle-order,,match-data,pace,kaggle,,,,
5 No flag,ODI,Travis Head,Australia,85,3273,43.64,106.54,28,5.74,opener,middle-order,match-data,spin,kaggle,,,,
5 No flag,ODI,James Hopes,Australia,84,1326,25.02,93.71,67,4.53,all-rounder,fast-bowler / middle-order,match-data,pace,kaggle,,,,
5 No flag,ODI,Shreyas Iyer,India,82,3136,45.45,97.85,0,6.32,middle-order,,match-data,spin,kaggle,,,,
5 No flag,ODI,Ahmed Shehzad,Pakistan,81,2605,32.56,72.08,2,7.3,opener,,match-data,spin,kaggle,,,,
5 No flag,ODI,Pathum Nissanka,Sri Lanka,81,2996,39.95,88.72,0,,opener,,match-data,,,,,,
5 No flag,ODI,Ishant Sharma,India,80,72,4.8,35.47,115,5.73,fast-bowler,,test-data,pace,test-data,,,,
5 No flag,ODI,Malcolm Waller,Zimbabwe,79,1259,19.08,76.82,10,5.1,middle-order,,match-data,spin,kaggle,,,,
5 No flag,ODI,Imrul Kayes,Bangladesh,78,2434,32.03,71.11,0,,opener,,match-data,,,,,,
5 No flag,ODI,Salman Butt,Pakistan,78,2725,36.82,76.29,0,7.83,opener,,match-data,spin,kaggle,,,,
5 No flag,ODI,Shaheen Shah Afridi,Pakistan,77,332,13.28,85.6,146,5.56,fast-bowler,,test-data,pace,test-data,,,,
5 No flag,ODI,James Neesham,New Zealand,76,1495,28.21,99.93,71,6.26,all-rounder,fast-bowler / middle-order,match-data,pace,kaggle,,,,
5 No flag,ODI,Imam-ul-Haq,Pakistan,75,3152,47.04,81.96,0,,opener,,match-data,,,,,,
5 No flag,ODI,Lungi Ngidi,South Africa,75,126,9,49.8,115,5.81,fast-bowler,,test-data,pace,test-data,,,,
5 No flag,ODI,Shahriar Nafees,Bangladesh,75,2201,31.44,69.04,0,,opener,,match-data,,,,,,
5 No flag,ODI,Umesh Yadav,India,75,79,7.9,58.96,106,6.01,fast-bowler,,test-data,pace,test-data,,,,
5 No flag,ODI,Kedar Jadhav,India,73,1389,42.09,101.61,27,5.16,middle-order,,match-data,spin,kaggle,,,,
5 No flag,ODI,Roston Chase,West Indies,73,1244,26.47,78.58,48,5,all-rounder,spinner / middle-order,match-data,spin,kaggle,,,,
5 No flag,ODI,Shadab Khan,Pakistan,73,955,28.09,81.81,87,5.24,all-rounder,spinner / middle-order,match-data,spin,kaggle,,,,
5 No flag,ODI,Shaun Marsh,Australia,73,2773,40.78,81.42,0,,opener,middle-order,match-data,spin,kaggle,,,,
5 No flag,ODI,Marnus Labuschagne,Australia,72,1980,33.56,81.55,11,6.52,middle-order,,match-data,spin,kaggle,,,,
5 No flag,ODI,Dasun Shanaka,Sri Lanka,71,1299,22.4,91.48,27,5.68,middle-order,,match-data,pace,kaggle,,,,
5 No flag,ODI,Marcus Stoinis,Australia,71,1495,26.7,93.97,48,6,all-rounder,fast-bowler / middle-order,match-data,pace,kaggle,,,,
5 No flag,ODI,Rangana Herath,Sri Lanka,71,140,9.33,64.52,74,4.37,spinner,,test-data,spin,test-data,,,,
5 No flag,ODI,Rassie van der Dussen,South Africa,71,2657,50.13,87.03,1,3,middle-order,,match-data,spin,kaggle,,,,
5 No flag,ODI,Alex Hales,England,70,2419,37.8,95.73,0,,opener,,match-data,pace,kaggle,,,,
5 No flag,ODI,Evin Lewis,West Indies,70,2279,36.76,86.16,0,,opener,,match-data,,,,,,
5 No flag,ODI,Mark Wood,England,70,168,12.92,105,80,5.59,fast-bowler,,test-data,pace,test-data,,,,
5 No flag,ODI,Najmul Hossain Shanto,Bangladesh,70,2076,32.44,77.17,2,6.36,middle-order,,match-data,,,,,,
5 No flag,ODI,David Hussey,Australia,69,1796,32.65,90.71,18,5.22,middle-order,,match-data,spin,kaggle,,,,
5 No flag,ODI,Shubman Gill,India,69,3712,65.12,103.46,0,8.33,opener,,match-data,spin,kaggle,,,,
5 No flag,ODI,Jonathan Trott,England,68,2819,51.25,77.06,2,5.44,middle-order,,match-data,pace,kaggle,,,,
5 No flag,ODI,Lendl Simmons,West Indies,68,1958,31.58,73.06,1,6.62,opener,middle-order,match-data,pace,kaggle,,,,
5 No flag,ODI,Hamish Marshall,New Zealand,66,1454,27.43,73.07,0,,middle-order,,match-data,pace,kaggle,,,,
5 No flag,ODI,Sabbir Rahman,Bangladesh,66,1333,25.63,91.24,3,6.76,middle-order,,match-data,spin,kaggle,,,,
5 No flag,ODI,Nasir Hossain,Bangladesh,65,1281,29.11,79.81,24,4.72,middle-order,,match-data,spin,kaggle,,,,
5 No flag,ODI,Will Young,New Zealand,63,2050,35.34,84.57,0,,opener,middle-order,match-data,spin,kaggle,,,,
5 No flag,ODI,Blessing Muzarabani,Zimbabwe,62,138,5.11,53.6,74,5.09,fast-bowler,,test-data,pace,test-data,,,,
5 No flag,ODI,Daryl Mitchell,New Zealand,62,2811,57.37,94.49,14,5.93,middle-order,,match-data,pace,kaggle,,,,
5 No flag,ODI,Mohammad Amir,Pakistan,61,363,18.15,81.76,81,4.78,fast-bowler,,test-data,pace,test-data,,,,
5 No flag,ODI,Regis Chakabva,Zimbabwe,61,1188,22,67.85,0,,wicketkeeper,middle-order / opener,test-data,spin,kaggle,,,,
5 No flag,ODI,Asad Shafiq,Pakistan,60,1336,24.74,67.51,0,9,middle-order,,match-data,spin,kaggle,,,,
5 No flag,ODI,Farhaan Behardien,South Africa,59,1074,30.69,97.9,14,5.77,middle-order,,match-data,pace,kaggle,,,,
5 No flag,ODI,Shimron Hetmeyer,West Indies,59,1638,32.76,105.27,0,,middle-order,,match-data,,,,,,
5 No flag,ODI,Brandon King,West Indies,58,1530,27.32,83.11,0,,opener,middle-order,match-data,,,,,,
5 No flag,ODI,Johnson Charles,West Indies,58,1537,26.5,85.25,0,14.4,opener,,match-data,,,,,,
5 No flag,ODI,Keshav Maharaj,South Africa,58,328,13.67,80.4,79,4.69,spinner,,test-data,spin,test-data,,,,
5 No flag,ODI,Colin Munro,New Zealand,57,1271,24.92,104.7,7,5.23,opener,middle-order,match-data,pace,kaggle,,,,
5 No flag,ODI,Richard Ngarava,Zimbabwe,57,299,13.59,83.64,76,5.29,fast-bowler,,test-data,pace,test-data,,,,
5 No flag,ODI,Temba Bavuma,South Africa,57,2168,43.36,87.28,0,3.57,opener,middle-order,match-data,pace,kaggle,,,,
5 No flag,ODI,Yusuf Pathan,India,57,810,27,113.6,33,5.5,all-rounder,spinner / middle-order,match-data,spin,kaggle,,,,
5 No flag,ODI,Towhid Hridoy,Bangladesh,56,1698,38.59,78.1,0,12,middle-order,,match-data,spin,kaggle,,,,
5 No flag,ODI,Yasir Hameed,Pakistan,56,2028,36.87,66.97,0,8.67,opener,middle-order,match-data,,,,,,
5 No flag,ODI,Ambati Rayudu,India,55,1694,47.06,79.05,3,6.15,middle-order,,match-data,spin,kaggle,,,,
5 No flag,ODI,Imad Wasim,Pakistan,55,986,42.87,111.55,44,4.89,all-rounder,spinner / middle-order,match-data,spin,kaggle,,,,
5 No flag,ODI,Keacy Carty,West Indies,55,1836,39.91,75.18,0,8.81,middle-order,,match-data,pace,kaggle,,,,
5 No flag,ODI,Niroshan Dickwella,Sri Lanka,55,1604,31.45,93.42,0,,wicketkeeper,opener / middle-order,test-data,,,,,,
5 No flag,ODI,Raqibul Hasan,Bangladesh,55,1308,27.83,61.32,0,,middle-order,,match-data,spin,kaggle,,,,
5 No flag,ODI,Sadeera Samarawickrama,Sri Lanka,55,1456,32.36,90.6,0,,wicketkeeper,middle-order,test-data,,,,,,
5 No flag,ODI,Ish Sodhi,New Zealand,54,210,9.55,72.66,64,5.51,spinner,,test-data,spin,test-data,,,,
5 No flag,ODI,Junaid Siddique,Bangladesh,54,1196,23,68.23,0,6.5,middle-order,opener,match-data,spin,kaggle,,,,
5 No flag,ODI,Azhar Ali,Pakistan,53,1845,36.9,74.46,4,6.05,opener,middle-order,match-data,spin,kaggle,,,,
5 No flag,ODI,Sreesanth,India,53,44,4,36.36,75,6.08,fast-bowler,,test-data,pace,test-data,,,,
5 No flag,ODI,Ryan Burl,Zimbabwe,52,938,24.68,84.09,19,6.3,middle-order,,match-data,spin,kaggle,,,,
5 No flag,ODI,Syed Rasel,Bangladesh,52,81,4.76,46.63,61,4.63,fast-bowler,,test-data,pace,test-data,,,,
5 No flag,ODI,Avishka Fernando,Sri Lanka,51,1589,31.78,88.92,0,,opener,,match-data,,,,,,
5 No flag,ODI,Rovman Powell,West Indies,51,979,21.76,89.44,3,5.89,middle-order,,match-data,pace,kaggle,,,,
5 No flag,ODI,Shahadat Hossain,Bangladesh,51,79,7.9,52.17,47,5.85,fast-bowler,,test-data,pace,test-data,,,,
5 No flag,ODI,Agha Salman,Pakistan,50,1507,43.06,96.48,19,5.85,middle-order,,match-data,spin,kaggle,,,,
5 No flag,ODI,Dimuth Karunaratne,Sri Lanka,50,1316,31.33,79.56,0,6.75,opener,,match-data,pace,kaggle,,,,
5 No flag,ODI,Fidel Edwards,West Indies,50,73,9.13,45.75,60,5.09,fast-bowler,,test-data,pace,test-data,,,,
5 No flag,ODI,Luke Wright,England,50,707,20.2,86.22,15,5.11,middle-order,,match-data,pace,kaggle,,,,
5 No flag,ODI,Mohammed Siraj,India,50,57,7.13,42.54,76,5.13,fast-bowler,,test-data,pace,test-data,,,,
5 No flag,ODI,Corey Anderson,New Zealand,49,1109,27.73,108.73,60,6.07,all-rounder,fast-bowler / middle-order,match-data,pace,kaggle,,,,
5 No flag,ODI,Kyle Jarvis,Zimbabwe,49,222,9.65,61.9,58,5.3,fast-bowler,,test-data,pace,test-data,,,,
5 No flag,ODI,Nuwan Pradeep,Sri Lanka,49,35,4.38,44.3,63,5.98,fast-bowler,,test-data,pace,test-data,,,,
5 No flag,ODI,Peter Fulton,New Zealand,49,1334,32.54,72.78,0,,middle-order,opener,match-data,pace,kaggle,,,,
5 No flag,ODI,Jesse Ryder,New Zealand,48,1362,33.22,95.31,12,6.07,opener,middle-order,match-data,pace,kaggle,,,,
5 No flag,ODI,Michael Bracewell,New Zealand,48,1042,35.93,107.53,45,4.93,all-rounder,middle-order,match-data,,,,,,
5 No flag,ODI,Nasir Jamshed,Pakistan,48,1418,31.51,75.39,0,,opener,,match-data,,,,,,
5 No flag,ODI,Carlton Baugh,West Indies,47,482,20.08,69.08,0,,wicketkeeper,middle-order,match-data (stumpings),,,,,,
5 No flag,ODI,Danushka Gunathilaka,Sri Lanka,47,1601,35.58,86.82,8,5.54,opener,,match-data,spin,kaggle,,,,
5 No flag,ODI,Devon Smith,West Indies,47,1059,24.63,70.32,0,6,opener,middle-order,match-data,spin,kaggle,,,,
5 No flag,ODI,Glenn Phillips,New Zealand,47,1262,42.07,103.19,16,6.07,wicketkeeper,middle-order,test-data,,,,,,
5 No flag,ODI,Solomon Mire,Zimbabwe,47,955,20.32,79.41,12,6.09,opener,middle-order,match-data,pace,kaggle,,,,
5 No flag,ODI,Sulieman Benn,West Indies,47,182,7.91,75.83,39,4.81,spinner,,test-data,spin,test-data,,,,
5 No flag,ODI,Kieran Powell,West Indies,46,1005,22.84,78.64,0,,opener,,match-data,spin,kaggle,,,,
5 No flag,ODI,Robin Uthappa,India,46,934,25.94,90.59,0,0,middle-order,opener,match-data,pace,kaggle,,,,
5 No flag,ODI,Shoriful Islam,Bangladesh,46,108,6.75,87.5,73,5.29,fast-bowler,,test-data,pace,test-data,,,,
5 No flag,ODI,Wessley Madhevere,Zimbabwe,46,921,21.42,78.88,18,5.17,middle-order,,match-data,spin,kaggle,,,,
5 No flag,ODI,Colin de Grandhomme,New Zealand,45,742,26.5,106.15,30,4.77,all-rounder,fast-bowler / middle-order,match-data,pace,kaggle,,,,
5 No flag,ODI,Haris Sohail,Pakistan,45,1749,44.85,85.48,11,5.73,middle-order,,match-data,spin,kaggle,,,,
5 No flag,ODI,Jacques Rudolph,South Africa,45,1174,35.58,68.06,0,6.5,middle-order,,match-data,spin,kaggle,,,,
5 No flag,ODI,Wellington Masakadza,Zimbabwe,45,274,11.42,66.33,35,4.95,spinner,,test-data,spin,test-data,,,,
5 No flag,ODI,Harry Brook,England,44,1530,38.25,104.94,0,,middle-order,,match-data,pace,kaggle,,,,
5 No flag,ODI,Devon Conway,New Zealand,43,1692,43.38,87.85,0,,wicketkeeper,opener,test-data,pace,kaggle,,,,
5 No flag,ODI,Jeetan Patel,New Zealand,43,95,13.57,61.49,49,5.04,spinner,,test-data,spin,test-data,,,,
5 No flag,ODI,Rajin Saleh,Bangladesh,43,1005,23.93,54.86,15,5.11,middle-order,opener,match-data,spin,kaggle,,,,
5 No flag,ODI,Devendra Bishoo,West Indies,42,164,10.93,62.36,38,4.95,spinner,,test-data,spin,test-data,,,,
5 No flag,ODI,Jofra Archer,England,42,221,17,110.81,71,5.14,fast-bowler,,test-data,pace,test-data,,,,
5 No flag,ODI,Jamie How,New Zealand,41,1046,29.06,66.54,0,,opener,middle-order,match-data,spin,kaggle,,,,
5 No flag,ODI,Ben Duckett,England,40,1628,41.74,99.69,0,,wicketkeeper,opener / middle-order,test-data,spin,kaggle,,,,
5 No flag,ODI,Cameron Green,Australia,40,991,38.12,83.42,21,5.77,all-rounder,fast-bowler / middle-order,match-data,pace,kaggle,,,,
5 No flag,ODI,Tanzid Hasan,Bangladesh,40,1044,27.47,101.36,0,,opener,,match-data,,,,,,
5 No flag,ODI,Usman Khawaja,Australia,40,1554,42,84.09,0,,opener,middle-order,match-data,pace,kaggle,,,,
5 No flag,ODI,Charles Coventry,Zimbabwe,39,829,24.38,89.58,0,,middle-order,,match-data,spin,kaggle,,,,
5 No flag,ODI,Janith Liyanage,Sri Lanka,39,1089,41.88,87.68,4,5.44,middle-order,,match-data,pace,kaggle,,,,
5 No flag,ODI,Neil Broom,New Zealand,39,943,26.94,80.4,0,,middle-order,,match-data,pace,kaggle,,,,
5 No flag,ODI,Rachin Ravindra,New Zealand,39,1424,41.88,107.55,21,5.83,all-rounder,spinner / opener / middle-order,match-data,spin,kaggle,,,,
5 No flag,ODI,Thilina Kandamby,Sri Lanka,39,870,29,70.38,2,5.97,middle-order,,match-data,spin,kaggle,,,,
5 No flag,ODI,Afif Hossain,Bangladesh,38,713,27.42,87.35,4,6,middle-order,,match-data,spin,kaggle,,,,
5 No flag,ODI,Donald Tiripano,Zimbabwe,38,364,17.33,65.21,36,5.79,fast-bowler,,test-data,pace,test-data,,,,
5 No flag,ODI,Fawad Alam,Pakistan,38,966,40.25,74.54,5,5.68,middle-order,,match-data,spin,kaggle,,,,
5 No flag,ODI,Reeza Hendricks,South Africa,38,974,27.06,78.35,1,6.71,opener,middle-order,match-data,spin,kaggle,,,,
5 No flag,ODI,Mark Chapman,New Zealand,37,1057,36.45,104.14,0,,middle-order,,match-data,spin,kaggle,,,,
5 No flag,ODI,Suryakumar Yadav,India,37,773,25.77,105.03,0,8.5,middle-order,,match-data,,,,,,
5 No flag,ODI,Jason Mohammed,West Indies,36,630,21.72,68.39,8,4.64,middle-order,,match-data,spin,kaggle,,,,
5 No flag,ODI,Rilee Rossouw,South Africa,36,1239,38.72,94.36,1,5.87,middle-order,opener,match-data,spin,kaggle,,,,
5 No flag,ODI,Samit Patel,England,36,482,32.13,93.23,24,5.51,all-rounder,spinner / middle-order,match-data,spin,kaggle,,,,
5 No flag,ODI,Jayden Seales,West Indies,35,70,8.75,61.4,45,5.93,fast-bowler,,test-data,pace,test-data,,,,
5 No flag,ODI,Mohammad Asif,Pakistan,35,34,3.78,28.57,41,4.51,fast-bowler,,test-data,pace,test-data,,,,
5 No flag,ODI,Tim Paine,Australia,35,890,27.81,70.63,0,,wicketkeeper,opener / middle-order,test-data,pace,kaggle,,,,
5 No flag,ODI,Asitha Fernando,Sri Lanka,34,13,2.17,21.88,46,6.01,fast-bowler,,test-data,pace,test-data,,,,
5 No flag,ODI,Kasun Rajitha,Sri Lanka,34,117,9.75,60.82,43,6.1,fast-bowler,,test-data,pace,test-data,,,,
5 No flag,ODI,Marco Jansen,South Africa,34,647,26.96,112.63,52,6.39,all-rounder,fast-bowler / middle-order,match-data,pace,kaggle,,,,
5 No flag,ODI,Mohammad Mithun,Bangladesh,34,714,27.46,77.96,0,6,middle-order,,match-data,,,,,,
5 No flag,ODI,Naseem Shah,Pakistan,34,224,22.4,88.69,60,5.49,fast-bowler,,test-data,pace,test-data,,,,
5 No flag,ODI,Jonathan Carter,West Indies,33,581,23.24,73.88,4,7.06,middle-order,,match-data,pace,kaggle,,,,
5 No flag,ODI,Kamindu Mendis,Sri Lanka,32,619,25.79,79.97,6,6.65,middle-order,,match-data,,,,,,
5 No flag,ODI,Lahiru Kumara,Sri Lanka,32,62,5.64,43.28,42,6.48,fast-bowler,,test-data,pace,test-data,,,,
5 No flag,ODI,Adam Voges,Australia,31,870,45.79,85.44,6,5.5,middle-order,,match-data,spin,kaggle,,,,
5 No flag,ODI,Asela Gunaratne,Sri Lanka,31,575,27.38,79.42,22,5.2,all-rounder,fast-bowler / middle-order,match-data,pace,kaggle,,,,
5 No flag,ODI,Colin Ingram,South Africa,31,843,32.42,82.99,0,17,middle-order,opener,match-data,spin,kaggle,,,,
5 No flag,ODI,Narsingh Deonarine,West Indies,31,682,26.23,63.86,6,5.69,middle-order,,match-data,spin,kaggle,,,,
5 No flag,ODI,Rishabh Pant,India,31,871,33.5,106.22,0,,wicketkeeper,middle-order,test-data,,,,,,
5 No flag,ODI,Callum Ferguson,Australia,30,663,41.44,85.33,0,,middle-order,,match-data,pace,kaggle,,,,
5 No flag,ODI,Dawid Malan,England,30,1450,55.77,97.45,1,6.8,opener,middle-order,match-data,spin,kaggle,,,,
5 No flag,ODI,Sherfane Rutherford,West Indies,30,849,36.91,99.3,3,8.4,middle-order,,match-data,pace,kaggle,,,,
5 No flag,ODI,Vernon Philander,South Africa,30,151,12.58,70.89,41,4.63,fast-bowler,,test-data,pace,test-data,,,,
5 No flag,ODI,Manish Pandey,India,29,566,33.29,91.48,0,,middle-order,,match-data,pace,kaggle,,,,
5 No flag,ODI,Nathan Lyon,Australia,29,77,19.25,92.77,29,4.92,spinner,,test-data,spin,test-data,,,,
5 No flag,ODI,Shamarh Brooks,West Indies,29,842,30.07,75.58,0,,middle-order,,match-data,spin,kaggle,,,,
5 No flag,ODI,Sohaib Maqsood,Pakistan,29,781,30.04,84.4,1,4.67,middle-order,,match-data,spin,kaggle,,,,
5 No flag,ODI,Will Jacks,England,29,802,34.87,101.95,16,5.93,middle-order,opener,match-data,spin,kaggle,,,,
5 No flag,ODI,B J Watling,New Zealand,28,573,24.91,68.38,0,,wicketkeeper,middle-order / opener,test-data,,,,,,
5 No flag,ODI,Iftikhar Ahmed,Pakistan,28,614,38.38,108.88,16,5.59,all-rounder,spinner / middle-order,match-data,spin,kaggle,,,,
5 No flag,ODI,Kyle Mayers,West Indies,28,660,25.38,85.16,14,5.53,all-rounder,fast-bowler / opener / middle-order,match-data,pace,kaggle,,,,
5 No flag,ODI,Mominul Haque,Bangladesh,28,557,22.28,75.34,7,4.87,middle-order,,match-data,spin,kaggle,,,,
5 No flag,ODI,Abdullah Shafique,Pakistan,27,737,29.48,78.14,0,,opener,,match-data,spin,kaggle,,,,
5 No flag,ODI,James Taylor,England,27,887,42.24,80.86,0,,middle-order,,match-data,spin,kaggle,,,,
5 No flag,ODI,Milinda Siriwardana,Sri Lanka,27,516,22.43,98.29,9,5.46,middle-order,,match-data,spin,kaggle,,,,
5 No flag,ODI,Hasan Mahmud,Bangladesh,26,63,4.85,47.44,33,6.13,fast-bowler,,test-data,pace,test-data,,,,
5 No flag,ODI,Justin Greaves,West Indies,26,607,31.95,96.93,8,6.7,middle-order,opener,match-data,pace,kaggle,,,,
5 No flag,ODI,Monty Panesar,England,26,26,5.2,28.57,24,4.5,spinner,,test-data,spin,test-data,,,,
5 No flag,ODI,Tony de Zorzi,South Africa,26,856,38.91,99.36,0,,middle-order,opener,match-data,spin,kaggle,,,,
5 No flag,ODI,Xavier Marshall,West Indies,26,379,15.16,56.99,0,10,opener,,match-data,,,,,,
5 No flag,ODI,Andre Fletcher,West Indies,25,354,14.16,62.5,0,5.57,opener,middle-order,match-data,spin,kaggle,,,,
5 No flag,ODI,Bradley Hodge,Australia,25,575,30.26,91.17,1,4.64,middle-order,,match-data,spin,kaggle,,,,
5 No flag,ODI,Innocent Kaia,Zimbabwe,25,612,26.61,63.78,0,4.71,opener,middle-order,match-data,spin,kaggle,,,,
5 No flag,ODI,James Vince,England,25,616,28,87.8,1,5.43,middle-order,opener,match-data,pace,kaggle,,,,
5 No flag,ODI,Phillip Hughes,Australia,25,826,35.91,75.09,0,,opener,middle-order,match-data,,,,,,
5 No flag,ODI,Shannon Gabriel,West Indies,25,24,3.43,37.93,33,5.93,fast-bowler,,test-data,pace,test-data,,,,
5 No flag,ODI,Sharjeel Khan,Pakistan,25,812,32.48,115.91,0,,opener,,match-data,,,,,,
5 No flag,ODI,Yasir Shah,Pakistan,25,127,18.14,85.23,24,5.34,spinner,,test-data,spin,test-data,,,,
5 No flag,ODI,Dhammika Prasad,Sri Lanka,24,129,21.5,107.14,32,5.77,fast-bowler,,test-data,pace,test-data,,,,
5 No flag,ODI,Jacob Bethell,England,24,712,33.9,90.59,9,7.46,middle-order,,match-data,spin,kaggle,,,,
5 No flag,ODI,Ashan Priyanjan,Sri Lanka,23,420,23.33,80.46,5,5.28,middle-order,,match-data,spin,kaggle,,,,
5 No flag,ODI,Janneman Malan,South Africa,23,958,47.9,83.3,0,,opener,,match-data,spin,kaggle,,,,
5 No flag,ODI,Kyle Jamieson,New Zealand,23,101,25.25,87.83,30,5.31,fast-bowler,,test-data,pace,test-data,,,,
5 No flag,ODI,Matt Short,Australia,23,462,22,86.16,6,5.29,opener,middle-order,match-data,spin,kaggle,,,,
5 No flag,ODI,Terry Duffin,Zimbabwe,23,546,23.74,47.36,0,,opener,,match-data,pace,kaggle,,,,
5 No flag,ODI,Anrich Nortje,South Africa,22,40,6.67,67.8,36,5.86,fast-bowler,,test-data,pace,test-data,,,,
5 No flag,ODI,Finn Allen,New Zealand,22,582,27.71,93.27,0,,opener,,match-data,,,,,,
5 No flag,ODI,Peter Handscomb,Australia,22,632,33.26,97.38,0,,middle-order,,match-data,,,,,,
5 No flag,ODI,Robert Nicol,New Zealand,22,586,30.84,75.52,10,5.82,opener,,match-data,pace,kaggle,,,,
5 No flag,ODI,Timycen Maruma,Zimbabwe,22,196,11.53,55.2,4,6.13,middle-order,,match-data,spin,kaggle,,,,
5 No flag,ODI,Alviro Petersen,South Africa,21,504,28,82.86,0,7,middle-order,opener,match-data,spin,kaggle,,,,
5 No flag,ODI,Asif Ali,Pakistan,21,382,25.47,121.75,0,10.8,middle-order,,match-data,spin,kaggle,,,,
5 No flag,ODI,Gary Ballance,England,21,454,25.22,71.05,0,,middle-order,,match-data,,,,,,
5 No flag,ODI,Tadiwanashe Marumani,Zimbabwe,21,225,13.24,67.5,0,,opener,,match-data,spin,kaggle,,,,
5 No flag,ODI,Daniel Flynn,New Zealand,20,228,15.2,69.87,0,6.25,middle-order,,match-data,spin,kaggle,,,,
5 No flag,ODI,Peter Siddle,Australia,20,31,10.33,103.33,17,4.95,fast-bowler,,test-data,pace,test-data,,,,
5 No flag,ODI,Taijul Islam,Bangladesh,20,110,11,66.92,31,4.6,spinner,,test-data,spin,test-data,,,,
5 No flag,ODI,Abrar Ahmed,Pakistan,19,28,14,96.55,35,4.33,spinner,,test-data,spin,test-data,,,,
5 No flag,ODI,Kyle Verreynne,South Africa,19,533,38.07,90.61,0,,wicketkeeper,middle-order,test-data,spin,kaggle,,,,
5 No flag,ODI,Ryan Rickelton,South Africa,19,552,32.47,83.37,0,,wicketkeeper,opener,test-data,,,,,,
5 No flag,ODI,Saud Shakeel,Pakistan,19,408,27.2,85.39,1,4.72,middle-order,,match-data,spin,kaggle,,,,
5 No flag,ODI,Cooper Connolly,Australia,18,502,38.62,89.49,9,5.28,middle-order,opener,match-data,spin,kaggle,,,,
5 No flag,ODI,GSNFG Jayasuriya,Sri Lanka,18,440,31.43,81.03,3,5.59,middle-order,,match-data,,,,,,
5 No flag,ODI,Piet Rinke,Zimbabwe,18,319,17.72,45.16,8,5.91,opener,,match-data,,,,,,
5 No flag,ODI,Sewnarine Chattergoon,West Indies,18,370,24.67,64.16,1,3.6,opener,,match-data,spin,wikidata,,,,
5 No flag,ODI,Alick Athanaze,West Indies,17,405,23.82,77.14,4,3.33,opener,,match-data,spin,kaggle,,,,
5 No flag,ODI,Brian Bennett,Zimbabwe,17,449,26.41,90.21,1,7.14,opener,middle-order,match-data,,,,,,
5 No flag,ODI,Matthew Breetzke,South Africa,17,881,58.73,96.6,0,,middle-order,,match-data,,,,,,
5 No flag,ODI,Murali Vijay,India,17,339,21.19,67,1,6.17,opener,,match-data,spin,kaggle,,,,
5 No flag,ODI,Saim Ayub,Pakistan,17,751,46.94,100,9,5.04,all-rounder,fast-bowler / opener,match-data,pace,kaggle,,,,"you said: not a pacer (please give spin, or no bowling type)"
5 No flag,ODI,W Jayantha,Sri Lanka,17,400,26.67,65.81,0,5.02,middle-order,,match-data,,,,,,
5 No flag,ODI,Dean Brownlie,New Zealand,16,361,25.79,74.28,0,,opener,middle-order,match-data,pace,kaggle,,,,
5 No flag,ODI,Gus Atkinson,England,16,157,19.63,138.04,21,6.11,fast-bowler,,test-data,pace,test-data,,,,
5 No flag,ODI,Joe Denly,England,16,446,34.31,70.91,1,5.94,opener,middle-order,match-data,spin,kaggle,,,,
5 No flag,ODI,John Campbell,West Indies,16,522,40.15,102.28,0,13,opener,,match-data,spin,kaggle,,,,
5 No flag,ODI,Joylord Gumbie,Zimbabwe,16,382,23.88,66.84,0,,opener,,match-data,,,,,,
5 No flag,ODI,Kirk Edwards,West Indies,16,331,23.64,67,0,,opener,middle-order,match-data,spin,kaggle,,,,
5 No flag,ODI,Nafis Iqbal,Bangladesh,16,309,19.31,48.67,0,,opener,,match-data,pace,kaggle,,,,
5 No flag,ODI,Sunil Ambris,West Indies,16,473,36.38,95.75,0,,opener,,match-data,,,,,,
5 No flag,ODI,Tarisai Musakanda,Zimbabwe,16,308,20.53,90.13,0,5.5,middle-order,,match-data,pace,kaggle,,,,
5 No flag,ODI,Umar Amin,Pakistan,16,271,18.07,69.13,0,3.43,middle-order,,match-data,pace,kaggle,,,,
5 No flag,ODI,Yalaka Venugopal Rao,India,16,218,24.22,64.66,0,,middle-order,,match-data,,,,,,
5 No flag,ODI,James Pattinson,Australia,15,42,10.5,52.56,16,5.62,fast-bowler,,test-data,pace,test-data,,,,
5 No flag,ODI,Khushdil Shah,Pakistan,15,328,32.8,98.2,4,6.09,middle-order,,match-data,spin,kaggle,,,,
5 No flag,ODI,Matt Renshaw,Australia,15,451,32.21,97.02,9,5.45,middle-order,,match-data,spin,kaggle,,,,
5 No flag,ODI,Peter Forrest,Australia,15,368,26.29,65.6,0,,middle-order,,match-data,pace,kaggle,,,,
5 No flag,ODI,Adrian Barath,West Indies,14,394,30.31,64.38,0,,opener,,match-data,,,,,,
5 No flag,ODI,Anthony McGrath,England,14,166,16.6,46.13,4,4.61,middle-order,,match-data,,,,,,
5 No flag,ODI,Benjamin Curran,Zimbabwe,14,508,42.33,78.72,0,,opener,,match-data,,,,,,
5 No flag,ODI,Brian Chari,Zimbabwe,14,186,13.29,46.62,0,,opener,middle-order,match-data,spin,kaggle,,,,
5 No flag,ODI,Jahurul Islam,Bangladesh,14,270,22.5,70.85,0,,middle-order,,match-data,spin,kaggle,,,,
5 No flag,ODI,Loots Bosman,South Africa,14,301,25.08,98.69,0,,opener,,match-data,pace,kaggle,,,,
5 No flag,ODI,Scott Boland,Australia,14,9,3,40.91,16,6.08,fast-bowler,,test-data,pace,test-data,,,,
5 No flag,ODI,Stuart Binny,India,14,230,28.75,93.5,20,5.38,all-rounder,fast-bowler / middle-order,match-data,pace,kaggle,,,,
5 No flag,ODI,Craig Cumming,New Zealand,13,161,13.42,43.75,0,5.67,opener,,match-data,,,,,,
5 No flag,ODI,Dilruwan Perera,Sri Lanka,13,152,12.67,76.38,13,5.38,spinner,,test-data,spin,test-data,,,,
5 No flag,ODI,Saif Hassan,Bangladesh,13,302,23.23,81.15,4,4.22,opener,,match-data,spin,kaggle,,,,
5 No flag,ODI,Dewald Brevis,South Africa,12,306,30.6,139.09,0,7,middle-order,,match-data,spin,kaggle,,,,
5 No flag,ODI,Ebadot Hossain,Bangladesh,12,3,1.5,21.43,22,5.6,fast-bowler,,test-data,pace,test-data,,,,
5 No flag,ODI,Gregory Strydom,Zimbabwe,12,147,14.7,51.54,1,5.55,middle-order,,match-data,,,,,,
5 No flag,ODI,Hussain Talat,Pakistan,12,224,28,80.58,0,7.7,middle-order,,match-data,pace,kaggle,,,,
5 No flag,ODI,Manoj Tiwary,India,12,287,26.09,71.22,5,6.82,middle-order,,match-data,spin,kaggle,,,,
5 No flag,ODI,Mehrab Hossain jnr,Bangladesh,12,183,18.3,44.85,3,4.94,opener,middle-order,match-data,spin,wikidata,,,,
5 No flag,ODI,Tinashe Kamunhukamwe,Zimbabwe,12,131,10.92,79.88,0,,opener,,match-data,spin,kaggle,,,,
5 No flag,ODI,Tom Blundell,New Zealand,12,266,29.56,86.64,0,,wicketkeeper,middle-order / opener,test-data,spin,kaggle,,,,
5 No flag,ODI,Vijay Shankar,India,12,223,31.86,94.63,4,5.41,middle-order,,match-data,pace,kaggle,,,,
5 No flag,ODI,Alester Maregwede,Zimbabwe,11,124,12.4,60.34,0,,middle-order,,match-data,,,,,,
5 No flag,ODI,Hammad Azam,Pakistan,11,80,16,61.24,2,5.12,middle-order,,match-data,pace,kaggle,,,,
5 No flag,ODI,Kamran Ghulam,Pakistan,11,210,30,99.06,1,4,middle-order,,match-data,spin,kaggle,,,,
5 No flag,ODI,Nazimuddin,Bangladesh,11,147,13.36,62.03,0,,opener,,match-data,,,,,,
5 No flag,ODI,Rohan Gavaskar,India,11,151,18.88,57.41,1,6.17,middle-order,,match-data,spin,wikidata,,,,
5 No flag,ODI,Ruturaj Gaikwad,India,11,272,34,89.76,0,,opener,,match-data,spin,kaggle,,,,
5 No flag,ODI,Takudzwanashe Kaitano,Zimbabwe,11,157,15.7,61.33,0,,opener,,match-data,spin,kaggle,,,,
5 No flag,ODI,Tayyab Tahir,Pakistan,11,181,22.63,102.26,0,,middle-order,,match-data,spin,kaggle,,,,
5 No flag,ODI,Travis Dowlin,West Indies,11,228,25.33,65.52,0,,middle-order,opener,match-data,spin,kaggle,,,,
5 No flag,ODI,Deepak Hooda,India,10,153,25.5,80.95,3,4.76,middle-order,,match-data,spin,kaggle,,,,
5 No flag,ODI,Dion Myers,Zimbabwe,10,154,15.4,73.02,1,6.5,middle-order,,match-data,pace,kaggle,,,,
5 No flag,ODI,George Worker,New Zealand,10,272,34,71.77,0,5,opener,middle-order,match-data,spin,kaggle,,,,
5 No flag,ODI,James Marshall,New Zealand,10,250,25,39.29,0,,middle-order,,match-data,,,,,,
5 No flag,ODI,Kraigg Brathwaite,West Indies,10,278,27.8,57.56,1,5.53,opener,middle-order,match-data,spin,kaggle,,,,
5 No flag,ODI,Milton Shumba,Zimbabwe,10,57,8.14,48.19,0,6.15,middle-order,,match-data,spin,kaggle,,,,
5 No flag,ODI,Mitchell Hay,New Zealand,10,186,31,104.49,0,,middle-order,,match-data,,,,,,
5 No flag,ODI,Shamsur Rahman,Bangladesh,10,266,26.6,76.44,0,13,opener,,match-data,,,,,,
5 No flag,ODI,Tom Banton,England,10,381,42.33,92.47,0,,middle-order,,match-data,,,,,,
5 No flag,ODI,Victor Nyauchi,Zimbabwe,10,43,7.17,82.69,7,5.27,fast-bowler,,test-data,pace,test-data,,,,
5 No flag,T20I,Jos Buttler,England,163,4384,34.79,150.19,0,,wicketkeeper,opener / middle-order,test-data,,,,,,
5 No flag,T20I,Rohit Sharma,India,159,4231,32.05,140.85,1,9.97,opener,,match-data,spin,kaggle,,,,
5 No flag,T20I,Babar Azam,Pakistan,145,4596,38.95,128.02,0,,opener,middle-order,match-data,spin,kaggle,,,,
5 No flag,T20I,Sikandar Raza,Zimbabwe,144,3244,25.54,135.68,114,7.01,all-rounder,spinner / middle-order,match-data,spin,kaggle,,,,
5 No flag,T20I,Ish Sodhi,New Zealand,142,243,8.68,108.97,165,8.16,spinner,,test-data,spin,test-data,,,,
5 No flag,T20I,Mahmudullah,Bangladesh,141,2444,23.5,117.33,34,7.38,middle-order,,match-data,spin,kaggle,,,,
5 No flag,T20I,David Miller,South Africa,140,2804,33.78,141.4,0,,middle-order,,match-data,spin,kaggle,,,,
5 No flag,T20I,Hardik Pandya,India,138,2288,28.25,145.92,114,8.34,all-rounder,fast-bowler / middle-order,match-data,pace,kaggle,,,,
5 No flag,T20I,Mitchell Santner,New Zealand,138,1108,20.52,130.66,142,7.18,all-rounder,spinner / middle-order,match-data,spin,test-data,,,,
5 No flag,T20I,Dasun Shanaka,Sri Lanka,137,2048,20.69,129.62,46,8.35,middle-order,,match-data,pace,kaggle,,,,
5 No flag,T20I,Glenn Maxwell,Australia,130,2897,28.97,154.42,51,8.1,middle-order,,match-data,spin,kaggle,,,,
5 No flag,T20I,Shakib Al Hasan,Bangladesh,129,2551,23.19,121.19,149,6.81,all-rounder,spinner / middle-order,match-data,spin,kaggle,,,,
5 No flag,T20I,Mustafizur Rahman,Bangladesh,128,98,5.16,72.06,160,7.28,fast-bowler,,test-data,pace,test-data,,,,
5 No flag,T20I,Tim Southee,New Zealand,126,303,11.22,138.99,164,8,fast-bowler,,test-data,pace,test-data,,,,
5 No flag,T20I,Virat Kohli,India,125,4188,48.7,137.04,4,8.05,middle-order,,match-data,pace,kaggle,,,,
5 No flag,T20I,Shadab Khan,Pakistan,124,1009,19.4,144.14,123,7.38,all-rounder,spinner / middle-order,match-data,spin,kaggle,,,,
5 No flag,T20I,Shoaib Malik,Pakistan,124,2435,31.22,125.64,27,7,middle-order,,match-data,spin,kaggle,,,,
5 No flag,T20I,Litton Das,Bangladesh,122,2702,23.5,126.79,0,,wicketkeeper,opener / middle-order,test-data,,,,,,
5 No flag,T20I,Martin Guptill,New Zealand,122,3531,31.81,135.7,0,11,opener,,match-data,spin,kaggle,,,,
5 No flag,T20I,Fakhar Zaman,Pakistan,120,2494,23.98,132.52,0,12,middle-order,opener,match-data,spin,kaggle,,,,
5 No flag,T20I,Rovman Powell,West Indies,120,2347,26.37,141.98,5,10.34,middle-order,,match-data,pace,kaggle,,,,
5 No flag,T20I,Mohammad Hafeez,Pakistan,119,2514,26.46,122.04,61,6.59,all-rounder,spinner / middle-order / opener,match-data,spin,kaggle,,,,
5 No flag,T20I,Eoin Morgan,England,115,2458,28.58,136.18,0,,middle-order,,match-data,pace,kaggle,,,,
5 No flag,T20I,Mark Chapman,New Zealand,113,2074,25.93,135.73,3,6.82,middle-order,,match-data,spin,kaggle,,,,
5 No flag,T20I,Suryakumar Yadav,India,113,3272,36.36,162.95,2,5,middle-order,,match-data,,,,,,
5 No flag,T20I,David Warner,Australia,110,3277,33.44,142.48,0,,opener,,match-data,spin,kaggle,,,,
5 No flag,T20I,Quinton de Kock,South Africa,110,3095,30.95,142.23,0,,wicketkeeper,opener,test-data,,,,,,
5 No flag,T20I,Kusal Mendis,Sri Lanka,109,2694,26.16,130.21,0,,wicketkeeper,opener / middle-order,test-data,,,,,,
5 No flag,T20I,Mohammad Rizwan,Pakistan,106,3414,47.42,125.38,0,,wicketkeeper,opener,test-data,,,,,,
5 No flag,T20I,Ross Taylor,New Zealand,106,1954,26.05,121.37,0,,middle-order,,match-data,spin,kaggle,,,,
5 No flag,T20I,James Neesham,New Zealand,105,1105,20.09,145.2,64,9.21,all-rounder,fast-bowler / middle-order,match-data,pace,kaggle,,,,
5 No flag,T20I,Daryl Mitchell,New Zealand,104,1879,26.84,140.54,9,11.06,middle-order,,match-data,pace,kaggle,,,,
5 No flag,T20I,Aaron Finch,Australia,103,3120,34.29,142.53,0,13.5,opener,,match-data,spin,kaggle,,,,
5 No flag,T20I,Shaheen Shah Afridi,Pakistan,103,345,14.38,127.51,136,7.84,fast-bowler,,test-data,pace,test-data,,,,
5 No flag,T20I,Mushfiqur Rahim,Bangladesh,102,1500,19.48,115.12,0,,wicketkeeper,middle-order,test-data,,,,,,
5 No flag,T20I,Blessing Muzarabani,Zimbabwe,99,65,3.42,74.12,117,7.27,fast-bowler,,test-data,pace,test-data,,,,
5 No flag,T20I,Jason Holder,West Indies,98,909,18.94,142.4,112,8.65,all-rounder,fast-bowler / middle-order,match-data,pace,kaggle,,,,
5 No flag,T20I,Jasprit Bumrah,India,98,12,2,66.67,124,6.52,fast-bowler,,test-data,pace,test-data,,,,
5 No flag,T20I,M S Dhoni,India,98,1617,37.6,126.13,0,,wicketkeeper,middle-order,test-data,pace,kaggle,,,,
5 No flag,T20I,Richard Ngarava,Zimbabwe,98,124,5.9,104.72,124,7.46,fast-bowler,,test-data,pace,test-data,,,,
5 No flag,T20I,Glenn Phillips,New Zealand,97,2286,31.75,142.7,9,8.53,wicketkeeper,middle-order,test-data,,,,,,
5 No flag,T20I,Pathum Nissanka,Sri Lanka,97,2784,30.59,128.59,0,,opener,,match-data,,,,,,
5 No flag,T20I,Kusal Perera,Sri Lanka,95,2335,26.24,132.9,0,,wicketkeeper,middle-order / opener,match-data (stumpings),,,,,,
5 No flag,T20I,Kane Williamson,New Zealand,93,2575,33.44,123.09,6,8.34,middle-order,opener,match-data,spin,kaggle,,,,
5 No flag,T20I,Moeen Ali,England,92,1229,21.19,142.58,51,8.31,all-rounder,spinner / middle-order,match-data,spin,kaggle,,,,
5 No flag,T20I,Dwayne Bravo,West Indies,91,1255,22.02,115.03,78,8.12,all-rounder,fast-bowler / middle-order,match-data,pace,kaggle,,,,
5 No flag,T20I,Angelo Mathews,Sri Lanka,90,1416,27.76,120.51,44,7.13,all-rounder,fast-bowler / middle-order,match-data,pace,kaggle,,,,
5 No flag,T20I,Reeza Hendricks,South Africa,90,2504,28.78,129.21,0,12,opener,,match-data,spin,kaggle,,,,
5 No flag,T20I,Taskin Ahmed,Bangladesh,90,227,10.81,104.13,106,7.76,fast-bowler,,test-data,pace,test-data,,,,
5 No flag,T20I,Soumya Sarkar,Bangladesh,89,1494,17.79,122.06,12,9.16,opener,middle-order,match-data,pace,kaggle,,,,
5 No flag,T20I,Mitchell Marsh,Australia,88,2313,33.52,142.08,17,7.74,middle-order,opener,match-data,pace,kaggle,,,,
5 No flag,T20I,Brandon King,West Indies,87,2028,25.35,132.98,0,,opener,,match-data,,,,,,
5 No flag,T20I,Marcus Stoinis,Australia,87,1416,30.78,146.28,53,8.8,all-rounder,fast-bowler / middle-order,match-data,pace,kaggle,,,,
5 No flag,T20I,Wessley Madhevere,Zimbabwe,87,1345,18.18,113.41,19,7.28,middle-order,opener,match-data,spin,kaggle,,,,
5 No flag,T20I,Andre Russell,West Indies,86,1122,22,163.8,61,9.43,all-rounder,fast-bowler / middle-order,match-data,pace,kaggle,,,,
5 No flag,T20I,Sean Williams,Zimbabwe,85,1805,23.75,128.29,49,6.92,all-rounder,spinner / middle-order,match-data,spin,kaggle,,,,
5 No flag,T20I,Shimron Hetmeyer,West Indies,85,1678,24.68,140.42,0,,middle-order,,match-data,,,,,,
5 No flag,T20I,Lasith Malinga,Sri Lanka,84,136,6.48,84.47,107,7.42,fast-bowler,,test-data,pace,test-data,,,,
5 No flag,T20I,Thisara Perera,Sri Lanka,84,1204,23.15,151.64,51,9.35,all-rounder,fast-bowler / middle-order,match-data,pace,kaggle,,,,
5 No flag,T20I,Umar Akmal,Pakistan,84,1690,26,122.73,0,7.67,middle-order,,match-data,,,,,,
5 No flag,T20I,Wellington Masakadza,Zimbabwe,83,271,8.74,91.5,50,7.49,spinner,,test-data,spin,test-data,,,,
5 No flag,T20I,Jean-Paul Duminy,South Africa,81,1934,38.68,126.24,21,7.76,middle-order,,match-data,spin,kaggle,,,,
5 No flag,T20I,Romario Shepherd,West Indies,81,909,27.55,144.98,81,10.05,all-rounder,fast-bowler / middle-order,match-data,pace,kaggle,,,,
5 No flag,T20I,Jonny Bairstow,England,80,1671,29.84,137.53,0,,wicketkeeper,middle-order / opener,test-data,pace,kaggle,,,,
5 No flag,T20I,Sam Curran,England,80,744,21.26,129.84,73,8.68,all-rounder,fast-bowler / middle-order,match-data,pace,kaggle,,,,
5 No flag,T20I,Tillakaratne Dilshan,Sri Lanka,80,1889,28.19,120.55,9,7.28,opener,,match-data,spin,kaggle,,,,
5 No flag,T20I,Charith Asalanka,Sri Lanka,79,1513,22.25,125.04,7,7.79,middle-order,,match-data,spin,kaggle,,,,
5 No flag,T20I,Chris Gayle,West Indies,79,1899,27.93,137.51,20,6.91,opener,middle-order,match-data,spin,kaggle,,,,
5 No flag,T20I,Kagiso Rabada,South Africa,79,184,14.15,115.72,83,8.41,fast-bowler,,test-data,pace,test-data,,,,
5 No flag,T20I,AB de Villiers,South Africa,78,1672,26.13,135.17,0,,wicketkeeper,middle-order,test-data,pace,kaggle,,,,
5 No flag,T20I,Suresh Raina,India,78,1605,29.18,134.87,13,7.6,middle-order,,match-data,spin,kaggle,,,,
5 No flag,T20I,Tadiwanashe Marumani,Zimbabwe,78,1414,19.37,129.96,0,,wicketkeeper,opener,match-data (stumpings),spin,kaggle,,,,
5 No flag,T20I,Tamim Iqbal,Bangladesh,78,1758,24.08,116.97,0,,opener,,match-data,,,,,,
5 No flag,T20I,Aiden Markram,South Africa,77,1966,31.71,147.6,17,8.87,middle-order,opener,match-data,spin,kaggle,,,,
5 No flag,T20I,Rishabh Pant,India,76,1209,23.25,127.26,0,,wicketkeeper,middle-order,test-data,,,,,,
5 No flag,T20I,Alex Hales,England,75,2074,30.96,138.36,0,,opener,,match-data,pace,kaggle,,,,
5 No flag,T20I,Ravindra Jadeja,India,74,515,21.46,127,54,7.13,all-rounder,spinner / middle-order,match-data,spin,kaggle,,,,
5 No flag,T20I,Tim David,Australia,74,1679,34.98,168.41,5,9.33,middle-order,,match-data,spin,kaggle,,,,
5 No flag,T20I,KL Rahul,India,72,2265,37.75,139.13,0,,opener,middle-order,match-data,,,,,,
5 No flag,T20I,Brendon McCullum,New Zealand,71,2140,35.67,136.22,0,,wicketkeeper,opener / middle-order,test-data,spin,kaggle,,,,
5 No flag,T20I,Craig Ervine,Zimbabwe,71,1449,21.95,105.77,0,,middle-order,opener,match-data,spin,kaggle,,,,
5 No flag,T20I,Denesh Ramdin,West Indies,71,636,18.71,119.33,0,,wicketkeeper,middle-order,test-data,,,,,,
5 No flag,T20I,Harry Brook,England,71,1702,36.21,164.92,0,,middle-order,,match-data,pace,kaggle,,,,
5 No flag,T20I,Afif Hossain,Bangladesh,70,1117,20.31,119.08,10,8.1,middle-order,,match-data,spin,kaggle,,,,
5 No flag,T20I,Shai Hope,West Indies,70,1743,30.05,136.6,0,,wicketkeeper,opener / middle-order,test-data,,,,,,
5 No flag,T20I,Brian Bennett,Zimbabwe,69,2129,33.79,142.5,9,8.6,opener,middle-order,match-data,,,,,,
5 No flag,T20I,Devon Conway,New Zealand,69,1839,35.37,128.6,0,,wicketkeeper,opener / middle-order,test-data,pace,kaggle,,,,
5 No flag,T20I,Dinesh Chandimal,Sri Lanka,69,1066,19.38,103.5,0,,wicketkeeper,middle-order,test-data,spin,kaggle,,,,
5 No flag,T20I,Johnson Charles,West Indies,69,1525,22.43,129.02,0,,opener,,match-data,,,,,,
5 No flag,T20I,Lendl Simmons,West Indies,68,1527,26.79,120.81,6,10.05,opener,middle-order,match-data,pace,kaggle,,,,
5 No flag,T20I,Shikhar Dhawan,India,68,1759,27.92,126.36,0,,opener,,match-data,spin,kaggle,,,,
5 No flag,T20I,Evin Lewis,West Indies,67,1799,29.02,152.07,0,,opener,,match-data,,,,,,
5 No flag,T20I,Marlon Samuels,West Indies,67,1611,29.29,116.23,22,7.79,middle-order,,match-data,spin,kaggle,,,,
5 No flag,T20I,Steve Smith,Australia,67,1094,25.44,125.46,17,7.77,middle-order,,match-data,spin,kaggle,,,,
5 No flag,T20I,Hamilton Masakadza,Zimbabwe,66,1662,25.97,117.21,2,9.42,opener,,match-data,pace,kaggle,,,,
5 No flag,T20I,Iftikhar Ahmed,Pakistan,66,998,24.34,131.05,8,7.1,middle-order,,match-data,spin,kaggle,,,,
5 No flag,T20I,Colin Munro,New Zealand,65,1724,31.35,156.44,4,9.46,opener,middle-order,match-data,pace,kaggle,,,,
5 No flag,T20I,Mitchell Starc,Australia,65,98,9.8,98,79,7.76,fast-bowler,,test-data,pace,test-data,,,,
5 No flag,T20I,Shreyas Iyer,India,65,1479,31.47,137.84,0,6,middle-order,,match-data,spin,kaggle,,,,
5 No flag,T20I,Towhid Hridoy,Bangladesh,65,1409,28.76,125.92,0,15,middle-order,,match-data,spin,kaggle,,,,
5 No flag,T20I,Jason Roy,England,64,1522,24.16,137.61,0,,opener,,match-data,,,,,,
5 No flag,T20I,Lungi Ngidi,South Africa,64,59,11.8,81.94,90,8.62,fast-bowler,,test-data,pace,test-data,,,,
5 No flag,T20I,Saeed Ajmal,Pakistan,64,91,8.27,105.81,85,6.36,spinner,,test-data,spin,test-data,,,,
5 No flag,T20I,Shoriful Islam,Bangladesh,63,86,5.06,96.63,69,8.14,fast-bowler,,test-data,pace,test-data,,,,
5 No flag,T20I,Tilak Varma,India,63,1666,43.84,143.74,5,6.1,middle-order,,match-data,spin,kaggle,,,,
5 No flag,T20I,Dawid Malan,England,62,1892,36.38,132.49,1,13.5,middle-order,,match-data,spin,kaggle,,,,
5 No flag,T20I,Finn Allen,New Zealand,62,1663,28.67,170.74,0,,opener,,match-data,,,,,,
5 No flag,T20I,Mohammad Amir,Pakistan,62,65,7.22,85.53,71,7.08,fast-bowler,,test-data,pace,test-data,,,,
5 No flag,T20I,Sarfaraz Ahmed,Pakistan,61,818,27.27,125.27,0,,wicketkeeper,middle-order,match-data (stumpings),,,,,,
5 No flag,T20I,Trent Boult,New Zealand,61,58,8.29,96.49,83,7.68,fast-bowler,,test-data,pace,test-data,,,,
5 No flag,T20I,Abhishek Sharma,India,60,1858,32.6,194.35,10,8.46,opener,,match-data,spin,kaggle,,,,
5 No flag,T20I,Andre Fletcher,West Indies,60,985,19.7,110.69,0,,wicketkeeper,opener / middle-order,match-data (stumpings),spin,kaggle,,,,
5 No flag,T20I,Josh Hazlewood,Australia,60,29,9.67,114.29,79,7.5,fast-bowler,,test-data,pace,test-data,,,,
5 No flag,T20I,Liam Livingstone,England,60,955,25.13,149.35,33,8.73,all-rounder,spinner / middle-order,match-data,spin,kaggle,,,,
5 No flag,T20I,Roston Chase,West Indies,60,846,23.5,118.65,40,7.51,all-rounder,spinner / middle-order,match-data,spin,kaggle,,,,
5 No flag,T20I,Tendai Chatara,Zimbabwe,60,49,8.17,46.94,65,7.29,fast-bowler,,test-data,pace,test-data,,,,
5 No flag,T20I,Umar Gul,Pakistan,60,165,9.17,105.77,85,7.02,fast-bowler,,test-data,pace,test-data,,,,
5 No flag,T20I,Ahmed Shehzad,Pakistan,59,1471,25.81,114.74,0,10,opener,,match-data,spin,kaggle,,,,
5 No flag,T20I,Brendan Taylor,Zimbabwe,59,1216,24.32,122.33,1,3.4,wicketkeeper,middle-order / opener,test-data,spin,kaggle,,,,
5 No flag,T20I,Kamran Akmal,Pakistan,58,987,21,119.9,0,,wicketkeeper,opener / middle-order,test-data,,,,,,
5 No flag,T20I,Shane Watson,Australia,58,1462,29.24,145.33,48,7.66,all-rounder,fast-bowler / opener / middle-order,match-data,pace,kaggle,,,,
5 No flag,T20I,Elton Chigumbura,Zimbabwe,57,893,19,143.23,16,9.28,middle-order,,match-data,pace,kaggle,,,,
5 No flag,T20I,Pat Cummins,Australia,57,158,10.53,127.05,66,7.4,fast-bowler,,test-data,pace,test-data,,,,
5 No flag,T20I,Rassie van der Dussen,South Africa,57,1406,33.48,128.75,0,,middle-order,,match-data,spin,kaggle,,,,
5 No flag,T20I,Kumar Sangakkara,Sri Lanka,56,1382,31.41,119.55,0,,wicketkeeper,middle-order,test-data,spin,kaggle,,,,
5 No flag,T20I,Sherfane Rutherford,West Indies,56,902,24.38,149.41,2,10.22,middle-order,,match-data,pace,kaggle,,,,
5 No flag,T20I,Stuart Broad,England,56,118,7.38,100,65,7.63,fast-bowler,,test-data,pace,test-data,,,,
5 No flag,T20I,Mahela Jayawardene,Sri Lanka,55,1493,31.77,133.18,0,8,middle-order,opener,match-data,pace,kaggle,,,,
5 No flag,T20I,Keshav Maharaj,South Africa,54,107,8.92,84.25,55,7.87,spinner,,test-data,spin,test-data,,,,
5 No flag,T20I,Tanzid Hasan,Bangladesh,53,1331,28.32,127.25,0,,opener,,match-data,,,,,,
5 No flag,T20I,Travis Head,Australia,53,1335,28.4,156.69,1,9.33,opener,middle-order,match-data,spin,kaggle,,,,
5 No flag,T20I,Jofra Archer,England,51,129,11.73,150,68,8.33,fast-bowler,,test-data,pace,test-data,,,,
5 No flag,T20I,Luke Wright,England,51,759,18.98,132.26,18,8.45,middle-order,opener,match-data,pace,kaggle,,,,
5 No flag,T20I,Albie Morkel,South Africa,50,572,21.19,142.6,26,8.01,all-rounder,fast-bowler / middle-order,match-data,pace,kaggle,,,,
5 No flag,T20I,Faf du Plessis,South Africa,50,1528,35.53,134.39,0,2.25,middle-order,,match-data,spin,kaggle,,,,
5 No flag,T20I,Kamindu Mendis,Sri Lanka,49,815,20.38,124.59,5,8.21,middle-order,,match-data,,,,,,
5 No flag,T20I,Mashrafe Mortaza,Bangladesh,49,291,11.64,129.33,34,8.21,fast-bowler,,test-data,pace,test-data,,,,
5 No flag,T20I,Regis Chakabva,Zimbabwe,49,682,14.51,120.56,0,,wicketkeeper,opener / middle-order,test-data,spin,kaggle,,,,
5 No flag,T20I,Agha Salman,Pakistan,48,819,21.55,122.97,6,7.68,middle-order,,match-data,spin,kaggle,,,,
5 No flag,T20I,Dhananjaya de Silva,Sri Lanka,48,890,20.7,113.09,17,6.83,middle-order,,match-data,spin,kaggle,,,,
5 No flag,T20I,Rinku Singh,India,48,702,36.95,155.1,3,7.13,middle-order,,match-data,,,,,,
5 No flag,T20I,Will Jacks,England,48,684,22.06,147.73,22,8.59,middle-order,opener,match-data,spin,kaggle,,,,
5 No flag,T20I,Anrich Nortje,South Africa,47,30,3.75,60,56,7.29,fast-bowler,,test-data,pace,test-data,,,,
5 No flag,T20I,Cameron White,Australia,47,984,32.8,132.97,1,7.29,middle-order,,match-data,spin,kaggle,,,,
5 No flag,T20I,Dale Steyn,South Africa,47,21,3.5,80,64,6.95,fast-bowler,,test-data,pace,test-data,,,,
5 No flag,T20I,Michael Bracewell,New Zealand,47,434,19.73,134.37,35,7.39,all-rounder,middle-order,match-data,,,,,,
5 No flag,T20I,Danushka Gunathilaka,Sri Lanka,46,741,16.47,119.55,6,7.56,opener,,match-data,spin,kaggle,,,,
5 No flag,T20I,Najmul Hossain Shanto,Bangladesh,46,959,24.59,109.73,0,8.67,middle-order,opener,match-data,,,,,,
5 No flag,T20I,Sahibzada Farhan,Pakistan,46,1305,30.35,136.65,0,,opener,,match-data,,,,,,
5 No flag,T20I,Shamim Hossain,Bangladesh,46,537,17.9,123.17,2,7.36,middle-order,,match-data,spin,kaggle,,,,
5 No flag,T20I,Alzarri Joseph,West Indies,45,129,16.13,103.2,62,9.24,fast-bowler,,test-data,pace,test-data,,,,
5 No flag,T20I,Bhanuka Rajapaksa,Sri Lanka,45,744,22.55,128.07,0,,middle-order,,match-data,pace,kaggle,,,,
5 No flag,T20I,Dion Myers,Zimbabwe,45,766,19.64,123.43,0,12.64,middle-order,,match-data,pace,kaggle,,,,
5 No flag,T20I,Hashim Amla,South Africa,44,1277,33.61,132.06,0,,opener,,match-data,spin,kaggle,,,,
5 No flag,T20I,Tony Munyonga,Zimbabwe,44,382,13.64,104.95,3,4.92,middle-order,,match-data,spin,kaggle,,,,
5 No flag,T20I,Ben Stokes,England,43,585,21.67,129.44,26,8.39,all-rounder,fast-bowler / middle-order,match-data,pace,kaggle,,,,
5 No flag,T20I,Chamara Kapugedera,Sri Lanka,43,703,22.68,118.21,0,,middle-order,,match-data,pace,kaggle,,,,
5 No flag,T20I,Matt Henry,New Zealand,43,47,5.88,106.06,53,8.5,fast-bowler,,test-data,pace,test-data,,,,
5 No flag,T20I,Morne Morkel,South Africa,43,22,7.33,122.22,43,7.52,fast-bowler,,test-data,pace,test-data,,,,
5 No flag,T20I,Sabbir Rahman,Bangladesh,43,939,24.71,120.38,6,6.99,middle-order,,match-data,spin,kaggle,,,,
5 No flag,T20I,Tom Banton,England,43,797,26.57,150.38,0,,middle-order,opener,match-data,,,,,,
5 No flag,T20I,Alex Carey,Australia,42,267,11.13,109.88,0,,wicketkeeper,middle-order,test-data,,,,,,
5 No flag,T20I,Corey Anderson,New Zealand,42,697,24.89,126.04,16,8.13,all-rounder,fast-bowler / middle-order,match-data,pace,kaggle,,,,
5 No flag,T20I,Kyle Mills,New Zealand,42,137,11.42,111.38,43,8.21,fast-bowler,,test-data,pace,test-data,,,,
5 No flag,T20I,Tashinga Musekiwa,Zimbabwe,42,314,15.7,134.76,8,5.67,middle-order,,match-data,,,,,,
5 No flag,T20I,Colin de Grandhomme,New Zealand,41,505,15.78,138.36,12,8.62,middle-order,,match-data,pace,kaggle,,,,
5 No flag,T20I,Kyle Mayers,West Indies,41,773,20.89,134.43,2,9.55,opener,,match-data,pace,kaggle,,,,
5 No flag,T20I,Avishka Fernando,Sri Lanka,39,376,11.06,92.16,0,,middle-order,opener,match-data,,,,,,
5 No flag,T20I,David Hussey,Australia,39,756,22.91,121.35,19,6.52,middle-order,,match-data,spin,kaggle,,,,
5 No flag,T20I,Manish Pandey,India,39,709,44.31,126.16,0,,middle-order,,match-data,pace,kaggle,,,,
5 No flag,T20I,Misbah-ul-Haq,Pakistan,39,788,37.52,110.46,0,,middle-order,,match-data,spin,kaggle,,,,
5 No flag,T20I,Abrar Ahmed,Pakistan,38,4,1.33,33.33,52,6.67,spinner,,test-data,spin,test-data,,,,
5 No flag,T20I,Farhaan Behardien,South Africa,38,518,32.38,128.22,3,5.4,middle-order,,match-data,pace,kaggle,,,,
5 No flag,T20I,Imran Tahir,South Africa,38,19,19,105.56,63,6.73,spinner,,test-data,spin,test-data,,,,
5 No flag,T20I,James Franklin,New Zealand,38,463,20.13,118.41,20,7.65,middle-order,,match-data,pace,kaggle,,,,
5 No flag,T20I,Khushdil Shah,Pakistan,38,434,17.36,105.2,6,7.11,middle-order,,match-data,spin,kaggle,,,,
5 No flag,T20I,Mark Wood,England,38,27,13.5,96.43,54,8.45,fast-bowler,,test-data,pace,test-data,,,,
5 No flag,T20I,Michael Hussey,Australia,38,721,37.95,136.29,0,5,middle-order,,match-data,pace,kaggle,,,,
5 No flag,T20I,Ravi Bopara,England,38,711,28.44,118.7,16,7.21,middle-order,opener,match-data,pace,kaggle,,,,
5 No flag,T20I,Gautam Gambhir,India,37,932,27.41,119.38,0,,opener,,match-data,spin,kaggle,,,,
5 No flag,T20I,George Linde,South Africa,37,403,19.19,147.62,35,7.58,all-rounder,spinner / middle-order,match-data,spin,kaggle,,,,
5 No flag,T20I,Kevin Pietersen,England,37,1176,37.94,141.52,1,10.6,middle-order,,match-data,spin,kaggle,,,,
5 No flag,T20I,Naseem Shah,Pakistan,37,62,6.89,100,32,8.13,fast-bowler,,test-data,pace,test-data,,,,
5 No flag,T20I,Graeme Cremer,Zimbabwe,36,71,5.07,65.66,40,7.3,spinner,,test-data,spin,test-data,,,,
5 No flag,T20I,Jacob Bethell,England,36,786,30.23,150.86,8,8.71,middle-order,,match-data,spin,kaggle,,,,
5 No flag,T20I,Jacob Oram,New Zealand,36,474,20.61,139.41,19,8.64,all-rounder,fast-bowler / middle-order,match-data,pace,kaggle,,,,
5 No flag,T20I,Justice Chibhabha,Zimbabwe,36,667,19.06,115.58,14,8.45,opener,middle-order,match-data,pace,kaggle,,,,
5 No flag,T20I,Paul Collingwood,England,36,583,18.81,127.02,16,8.9,middle-order,,match-data,pace,kaggle,,,,
5 No flag,T20I,Shubman Gill,India,36,869,28.03,137.56,0,,opener,,match-data,spin,kaggle,,,,
5 No flag,T20I,Temba Bavuma,South Africa,36,670,21.61,118.17,0,,opener,middle-order,match-data,pace,kaggle,,,,
5 No flag,T20I,Wahab Riaz,Pakistan,36,154,14,125.2,34,8.21,fast-bowler,,test-data,pace,test-data,,,,
5 No flag,T20I,Dewald Brevis,South Africa,35,923,30.77,165.44,1,11,middle-order,,match-data,spin,kaggle,,,,
5 No flag,T20I,Haider Ali,Pakistan,35,505,17.41,126.07,0,,middle-order,,match-data,,,,,,
5 No flag,T20I,Mohammad Haris,Pakistan,35,555,17.34,141.48,0,,wicketkeeper,middle-order / opener,match-data (stumpings),,,,,,
5 No flag,T20I,Mohammad Naim,Bangladesh,35,839,25.42,103.71,0,,opener,,match-data,,,,,,
5 No flag,T20I,Prosper Utseya,Zimbabwe,35,94,7.83,80.21,26,6.87,spinner,,test-data,spin,test-data,,,,
5 No flag,T20I,Brad Haddin,Australia,34,402,17.48,114.53,0,,wicketkeeper,middle-order,test-data,,,,,,
5 No flag,T20I,Daniel Vettori,New Zealand,34,205,12.81,107.89,38,5.7,spinner,,test-data,spin,test-data,,,,
5 No flag,T20I,Michael Clarke,Australia,34,488,21.22,103.17,6,8.65,middle-order,opener,match-data,spin,kaggle,,,,
5 No flag,T20I,Chris Woakes,England,33,147,16.33,125.64,31,8.07,fast-bowler,,test-data,pace,test-data,,,,
5 No flag,T20I,Dwayne Smith,West Indies,33,582,18.19,122.78,7,8.96,opener,middle-order,match-data,pace,kaggle,,,,
5 No flag,T20I,Graeme Smith,South Africa,33,982,31.68,123.46,0,14.25,opener,,match-data,spin,kaggle,,,,
5 No flag,T20I,Milton Shumba,Zimbabwe,33,419,19.95,109.63,5,8.36,middle-order,,match-data,spin,kaggle,,,,
5 No flag,T20I,Abdul Razzaq,Pakistan,32,393,20.68,118.94,20,6.99,all-rounder,middle-order,match-data,,,,,,
5 No flag,T20I,Joe Root,England,32,893,35.72,126.04,6,9.93,middle-order,,match-data,spin,kaggle,,,,
5 No flag,T20I,Kyle Jamieson,New Zealand,32,95,10.56,123.38,30,9.59,fast-bowler,,test-data,pace,test-data,,,,
5 No flag,T20I,Malcolm Waller,Zimbabwe,32,613,26.65,140.44,0,8.4,middle-order,,match-data,spin,kaggle,,,,
5 No flag,T20I,Sanath Jayasuriya,Sri Lanka,31,629,23.3,130.85,19,7.37,all-rounder,spinner / opener,match-data,spin,kaggle,,,,
5 No flag,T20I,Scott Styris,New Zealand,31,578,21.41,119.67,18,6.78,all-rounder,fast-bowler / middle-order,match-data,pace,kaggle,,,,
5 No flag,T20I,Tim Robinson,New Zealand,31,665,26.6,136.83,0,,opener,middle-order,match-data,pace,kaggle,,,,
5 No flag,T20I,Dwaine Pretorius,South Africa,30,261,21.75,164.15,35,8.29,all-rounder,fast-bowler / middle-order,match-data,pace,kaggle,,,,
5 No flag,T20I,George Bailey,Australia,30,473,24.89,136.71,0,,middle-order,,match-data,pace,kaggle,,,,
5 No flag,T20I,Jerome Taylor,West Indies,30,118,13.11,128.26,33,8.63,fast-bowler,,test-data,pace,test-data,,,,
5 No flag,T20I,Abdur Razzak,Bangladesh,29,37,4.63,56.06,34,6.96,spinner,,test-data,spin,test-data,,,,
5 No flag,T20I,Rilee Rossouw,South Africa,29,767,34.86,159.79,0,,middle-order,,match-data,spin,kaggle,,,,
5 No flag,T20I,Ryan Rickelton,South Africa,29,741,28.5,146.24,0,,wicketkeeper,opener / middle-order,test-data,,,,,,
5 No flag,T20I,Tom Latham,New Zealand,29,597,27.14,109.54,0,,wicketkeeper,middle-order / opener,test-data,pace,kaggle,,,,
5 No flag,T20I,Cameron Green,Australia,28,638,29,151.91,14,9.09,middle-order,opener,match-data,pace,kaggle,,,,
5 No flag,T20I,Harbhajan Singh,India,28,108,13.5,124.14,25,6.21,spinner,,test-data,spin,test-data,,,,
5 No flag,T20I,Moises Henriques,Australia,28,551,27.55,137.75,7,8.48,middle-order,,match-data,pace,kaggle,,,,
5 No flag,T20I,Niroshan Dickwella,Sri Lanka,28,480,18.46,131.15,0,,wicketkeeper,opener / middle-order,test-data,,,,,,
5 No flag,T20I,Kamil Mishara,Sri Lanka,27,578,24.08,130.3,0,10,opener,middle-order,match-data,spin,kaggle,,,,
5 No flag,T20I,Michael Lumb,England,27,552,21.23,133.66,0,,opener,,match-data,pace,kaggle,,,,
5 No flag,T20I,Nasir Hossain,Bangladesh,27,308,17.11,108.83,7,8.78,middle-order,,match-data,spin,kaggle,,,,
5 No flag,T20I,Darren Bravo,West Indies,26,405,21.32,106.86,0,,middle-order,,match-data,pace,kaggle,,,,
5 No flag,T20I,Fidel Edwards,West Indies,26,11,5.5,78.57,20,8.24,fast-bowler,,test-data,pace,test-data,,,,
5 No flag,T20I,Lahiru Kumara,Sri Lanka,26,10,3.33,90.91,33,8.33,fast-bowler,,test-data,pace,test-data,,,,
5 No flag,T20I,Lahiru Thirimanne,Sri Lanka,26,291,16.17,112.2,0,,middle-order,,match-data,pace,kaggle,,,,
5 No flag,T20I,Rubel Hossain,Bangladesh,26,20,5,57.14,26,9.5,fast-bowler,,test-data,pace,test-data,,,,
5 No flag,T20I,Sohaib Maqsood,Pakistan,26,273,13.65,116.52,0,12,middle-order,,match-data,spin,kaggle,,,,
5 No flag,T20I,Upul Tharanga,Sri Lanka,26,407,16.28,123.33,0,,opener,middle-order,match-data,,,,,,
5 No flag,T20I,Vusi Sibanda,Zimbabwe,26,511,20.44,103.32,0,,opener,,match-data,pace,kaggle,,,,
5 No flag,T20I,Brett Lee,Australia,25,101,16.83,142.25,28,7.86,fast-bowler,,test-data,pace,test-data,,,,
5 No flag,T20I,Hasan Mahmud,Bangladesh,25,50,25,98.04,28,7.83,fast-bowler,,test-data,pace,test-data,,,,
5 No flag,T20I,Hasan Nawaz,Pakistan,25,457,20.77,161.22,0,,middle-order,opener,match-data,spin,kaggle,,,,
5 No flag,T20I,Imran Nazir,Pakistan,25,500,21.74,136.36,0,,opener,,match-data,spin,kaggle,,,,
5 No flag,T20I,Jacques Kallis,South Africa,25,666,35.05,120.38,12,7.24,all-rounder,fast-bowler / opener / middle-order,match-data,pace,kaggle,,,,
5 No flag,T20I,Mark Boucher,South Africa,25,268,17.87,98.14,0,,wicketkeeper,middle-order,test-data,pace,kaggle,,,,
5 No flag,T20I,Mohammed Shami,India,25,7,3.5,70,27,8.95,fast-bowler,,test-data,pace,test-data,,,,
5 No flag,T20I,Saif Hassan,Bangladesh,25,498,22.64,114.75,3,5.89,opener,middle-order,match-data,spin,kaggle,,,,
5 No flag,T20I,Younis Khan,Pakistan,25,442,22.1,125.51,3,4.91,middle-order,,match-data,pace,kaggle,,,,
5 No flag,T20I,Fawad Alam,Pakistan,24,194,17.64,113.86,8,6.33,middle-order,,match-data,spin,kaggle,,,,
5 No flag,T20I,Irfan Pathan,India,24,172,24.57,119.44,28,8.03,all-rounder,fast-bowler / middle-order,match-data,pace,kaggle,,,,
5 No flag,T20I,Matt Short,Australia,24,416,20.8,150.18,9,11.44,opener,middle-order,match-data,spin,kaggle,,,,
5 No flag,T20I,Salman Butt,Pakistan,24,595,28.33,109.17,0,,opener,,match-data,spin,kaggle,,,,
5 No flag,T20I,Sulieman Benn,West Indies,24,37,12.33,88.1,18,7.21,spinner,,test-data,spin,test-data,,,,
5 No flag,T20I,D'Arcy Short,Australia,23,642,30.57,118.89,3,7.95,opener,,match-data,spin,kaggle,,,,
5 No flag,T20I,Donald Tiripano,Zimbabwe,23,157,13.08,95.31,16,8.88,fast-bowler,,test-data,pace,test-data,,,,
5 No flag,T20I,Herschelle Gibbs,South Africa,23,400,18.18,125.79,0,,opener,middle-order,match-data,pace,kaggle,,,,
5 No flag,T20I,Hussain Talat,Pakistan,23,441,22.05,113.95,7,9,middle-order,,match-data,pace,kaggle,,,,
5 No flag,T20I,Ruturaj Gaikwad,India,23,633,39.56,143.54,0,,opener,,match-data,spin,kaggle,,,,
5 No flag,T20I,Yashasvi Jaiswal,India,23,723,36.15,162.75,0,11,opener,,match-data,spin,kaggle,,,,
5 No flag,T20I,Innocent Kaia,Zimbabwe,22,389,17.68,121.92,0,4.5,opener,middle-order,match-data,spin,kaggle,,,,
5 No flag,T20I,Jeevan Mendis,Sri Lanka,22,207,18.82,118.97,12,7.11,middle-order,,match-data,spin,wikidata,,,,
5 No flag,T20I,Jesse Ryder,New Zealand,22,457,22.85,127.65,2,6.8,opener,,match-data,pace,kaggle,,,,
5 No flag,T20I,Kyle Jarvis,Zimbabwe,22,55,7.86,82.98,28,8.91,fast-bowler,,test-data,pace,test-data,,,,
5 No flag,T20I,Milinda Siriwardana,Sri Lanka,22,275,17.19,132.21,8,8.96,middle-order,,match-data,spin,kaggle,,,,
5 No flag,T20I,Shivnarine Chanderpaul,West Indies,22,343,20.18,98.85,0,,middle-order,opener,match-data,spin,kaggle,,,,
5 No flag,T20I,Yusuf Pathan,India,22,236,18.15,146.58,13,8.62,all-rounder,spinner / middle-order,match-data,spin,kaggle,,,,
5 No flag,T20I,Ben Duckett,England,21,527,27.74,153.2,0,,wicketkeeper,middle-order / opener,test-data,spin,kaggle,,,,
5 No flag,T20I,Cole McConchie,New Zealand,21,189,18.9,118.12,12,8.09,all-rounder,spinner / middle-order,match-data,spin,kaggle,,,,
5 No flag,T20I,Deepak Hooda,India,21,368,30.67,147.2,6,4.8,middle-order,,match-data,spin,kaggle,,,,
5 No flag,T20I,Robert Nicol,New Zealand,21,327,17.21,110.47,5,8.34,opener,,match-data,pace,kaggle,,,,
5 No flag,T20I,Sharjeel Khan,Pakistan,21,406,22.56,134.26,0,,opener,,match-data,,,,,,
5 No flag,T20I,Tom Bruce,New Zealand,21,344,18.11,121.99,0,,middle-order,,match-data,spin,kaggle,,,,
5 No flag,T20I,Ajinkya Rahane,India,20,375,20.83,113.29,0,,opener,,match-data,pace,kaggle,,,,
5 No flag,T20I,Mohammad Ashraful,Bangladesh,20,382,19.1,137.41,8,9.13,middle-order,opener,match-data,spin,kaggle,,,,
5 No flag,T20I,Shane Bond,New Zealand,20,21,4.2,100,25,7.01,fast-bowler,,test-data,pace,test-data,,,,
5 No flag,T20I,Will Young,New Zealand,20,344,18.11,101.78,0,,middle-order,opener,match-data,spin,kaggle,,,,
5 No flag,T20I,Ashton Turner,Australia,19,110,12.22,83.97,4,6.31,middle-order,,match-data,spin,kaggle,,,,
5 No flag,T20I,Chadwick Walton,West Indies,19,225,13.24,102.96,0,,opener,middle-order,match-data,,,,,,
5 No flag,T20I,James Anderson,England,19,1,1,50,18,7.85,fast-bowler,,test-data,pace,test-data,,,,
5 No flag,T20I,Krunal Pandya,India,19,124,24.8,130.53,15,8.11,all-rounder,spinner / middle-order,match-data,spin,kaggle,,,,
5 No flag,T20I,Sadeera Samarawickrama,Sri Lanka,19,310,19.38,103.43,0,,wicketkeeper,middle-order,test-data,,,,,,
5 No flag,T20I,Shan Masood,Pakistan,19,395,30.38,121.91,0,,middle-order,,match-data,pace,kaggle,,,,
5 No flag,T20I,Virender Sehwag,India,19,394,21.89,147.89,0,20,opener,,match-data,spin,kaggle,,,,
5 No flag,T20I,Aaron Hardie,Australia,18,180,22.5,126.76,15,8.67,all-rounder,fast-bowler / middle-order,match-data,pace,kaggle,,,,
5 No flag,T20I,Chris Lynn,Australia,18,291,19.4,131.67,0,,middle-order,,match-data,spin,kaggle,,,,
5 No flag,T20I,Dilhara Fernando,Sri Lanka,18,25,5,92.59,18,7.37,fast-bowler,,test-data,pace,test-data,,,,
5 No flag,T20I,Dunith Wellalage,Sri Lanka,18,170,21.25,119.72,21,7.74,all-rounder,spinner / middle-order,match-data,spin,kaggle,,,,
5 No flag,T20I,Kasun Rajitha,Sri Lanka,18,31,10.33,58.49,17,9.32,fast-bowler,,test-data,pace,test-data,,,,
5 No flag,T20I,Nasir Jamshed,Pakistan,18,363,21.35,113.44,0,,opener,middle-order,match-data,,,,,,
5 No flag,T20I,Ramnaresh Sarwan,West Indies,18,298,22.92,104.2,2,5,middle-order,,match-data,spin,kaggle,,,,
5 No flag,T20I,Shehan Jayasuriya,Sri Lanka,18,241,15.06,108.56,3,9.33,middle-order,,match-data,,,,,,
5 No flag,T20I,James Vince,England,17,463,27.24,128.57,0,,middle-order,,match-data,pace,kaggle,,,,
5 No flag,T20I,Lhuan-dre Pretorius,South Africa,17,427,25.12,150.88,0,,opener,middle-order,match-data,,,,,,
5 No flag,T20I,Mohammad Mithun,Bangladesh,17,127,10.58,93.38,0,,middle-order,opener,match-data,,,,,,
5 No flag,T20I,Mohammed Siraj,India,17,14,7,87.5,17,7.76,fast-bowler,,test-data,pace,test-data,,,,
5 No flag,T20I,Owais Shah,England,17,347,24.79,122.18,0,,middle-order,,match-data,spin,kaggle,,,,
5 No flag,T20I,Rangana Herath,Sri Lanka,17,8,2.67,66.67,18,6.13,spinner,,test-data,spin,test-data,,,,
5 No flag,T20I,Ricky Ponting,Australia,17,401,28.64,132.78,0,,middle-order,,match-data,pace,kaggle,,,,
5 No flag,T20I,Rubin Hermann,South Africa,17,327,23.36,128.74,0,,middle-order,,match-data,,,,,,
5 No flag,T20I,Tatenda Taibu,Zimbabwe,17,259,28.78,106.45,0,10.25,wicketkeeper,middle-order,test-data,pace,kaggle,,,,
5 No flag,T20I,Zaheer Khan,India,17,13,6.5,130,17,7.64,fast-bowler,,test-data,pace,test-data,,,,
5 No flag,T20I,Chamara Silva,Sri Lanka,16,175,13.46,98.87,1,5,middle-order,,match-data,spin,kaggle,,,,
5 No flag,T20I,Donovan Ferreira,South Africa,16,240,18.46,155.84,2,8.66,middle-order,,match-data,,,,,,
5 No flag,T20I,Jehan Mubarak,Sri Lanka,16,238,21.64,130.77,1,12.75,middle-order,,match-data,,,,,,
5 No flag,T20I,Nuwan Pradeep,Sri Lanka,16,10,10,66.67,15,9.41,fast-bowler,,test-data,pace,test-data,,,,
5 No flag,T20I,Ray Price,Zimbabwe,16,15,3,58.33,13,6.15,spinner,,test-data,spin,test-data,,,,
5 No flag,T20I,Alick Athanaze,West Indies,15,334,23.86,129.37,0,16,opener,,match-data,spin,kaggle,,,,
5 No flag,T20I,Bradley Hodge,Australia,15,183,26.14,127.08,1,8.6,middle-order,,match-data,spin,kaggle,,,,
5 No flag,T20I,Mitchell Owen,Australia,15,179,17.9,147.93,2,11.8,middle-order,,match-data,pace,kaggle,,,,
5 No flag,T20I,Pavan Rathnayake,Sri Lanka,15,271,22.58,140.41,2,5.5,middle-order,,match-data,,,,,,
5 No flag,T20I,Shaun Marsh,Australia,15,255,18.21,102.82,0,,middle-order,opener,match-data,spin,kaggle,,,,
5 No flag,T20I,Shoaib Akhtar,Pakistan,15,21,7,131.25,19,8.15,fast-bowler,,test-data,pace,test-data,,,,
5 No flag,T20I,Tinashe Kamunhukamwe,Zimbabwe,15,304,20.27,105.28,0,,opener,,match-data,spin,kaggle,,,,
5 No flag,T20I,Andrew Symonds,Australia,14,337,48.14,169.35,8,8.98,all-rounder,fast-bowler / middle-order,match-data,pace,kaggle,,,,
5 No flag,T20I,Haris Sohail,Pakistan,14,210,19.09,102.94,0,,middle-order,,match-data,spin,kaggle,,,,
5 No flag,T20I,Imrul Kayes,Bangladesh,14,119,9.15,88.81,0,,opener,,match-data,,,,,,
5 No flag,T20I,Irfan Khan,Pakistan,14,189,27,135,0,,middle-order,,match-data,pace,kaggle,,,,
5 No flag,T20I,Ishant Sharma,India,14,8,8,88.89,8,8.63,fast-bowler,,test-data,pace,test-data,,,,
5 No flag,T20I,Janith Liyanage,Sri Lanka,14,181,22.63,103.43,0,13.71,middle-order,,match-data,pace,kaggle,,,,
5 No flag,T20I,Johnathan Campbell,Zimbabwe,14,238,21.64,123.96,1,2.5,middle-order,,match-data,,,,,,
5 No flag,T20I,Justin Ontong,South Africa,14,158,15.8,144.95,1,13.83,middle-order,,match-data,spin,kaggle,,,,
5 No flag,T20I,Loots Bosman,South Africa,14,323,24.85,145.16,0,,opener,,match-data,pace,kaggle,,,,
5 No flag,T20I,Umar Amin,Pakistan,14,142,15.78,115.45,0,,middle-order,,match-data,pace,kaggle,,,,
5 No flag,T20I,Adam Gilchrist,Australia,13,272,22.67,141.67,0,,wicketkeeper,opener,test-data,spin,kaggle,,,,
5 No flag,T20I,Charles Coventry,Zimbabwe,13,127,12.7,141.11,0,,middle-order,,match-data,spin,kaggle,,,,
5 No flag,T20I,Dilshan Munaweera,Sri Lanka,13,215,17.92,131.1,1,9.2,opener,middle-order,match-data,spin,kaggle,,,,
5 No flag,T20I,Joe Denly,England,13,125,12.5,105.93,7,7.75,middle-order,opener,match-data,spin,kaggle,,,,
5 No flag,T20I,Josh Clarkson,New Zealand,13,151,25.17,132.46,6,7.38,middle-order,,match-data,pace,kaggle,,,,
5 No flag,T20I,Khalid Latif,Pakistan,13,237,21.55,105.33,0,,middle-order,opener,match-data,spin,kaggle,,,,
5 No flag,T20I,Matthew Breetzke,South Africa,13,158,13.17,116.18,0,,middle-order,,match-data,,,,,,
5 No flag,T20I,Richard Levi,South Africa,13,236,21.45,141.32,0,,opener,,match-data,pace,kaggle,,,,
5 No flag,T20I,Robin Uthappa,India,13,249,24.9,118.01,0,,middle-order,,match-data,pace,kaggle,,,,
5 No flag,T20I,Shamarh Brooks,West Indies,13,218,19.82,102.83,0,,opener,middle-order,match-data,spin,kaggle,,,,
5 No flag,T20I,Timycen Maruma,Zimbabwe,13,100,11.11,97.73,1,6.67,middle-order,,match-data,spin,kaggle,,,,
5 No flag,T20I,Yasir Ali Chowdhury,Bangladesh,13,206,22.89,145.07,0,,middle-order,,match-data,pace,kaggle,,,,
5 No flag,T20I,Asela Gunaratne,Sri Lanka,12,225,25,126.4,5,8.21,all-rounder,fast-bowler / middle-order,match-data,pace,kaggle,,,,
5 No flag,T20I,James Hopes,Australia,12,105,21,107.14,10,7.68,all-rounder,fast-bowler / middle-order,match-data,pace,kaggle,,,,
5 No flag,T20I,Mitchell Hay,New Zealand,12,89,11.13,125.35,0,,middle-order,,match-data,,,,,,
5 No flag,T20I,Muttiah Muralitharan,Sri Lanka,12,1,0.5,20,13,6.32,spinner,,test-data,spin,test-data,,,,
5 No flag,T20I,Peter Fulton,New Zealand,12,127,11.55,90.71,0,,middle-order,,match-data,pace,kaggle,,,,
5 No flag,T20I,Shaun Pollock,South Africa,12,86,12.29,122.86,15,7.63,fast-bowler,,test-data,pace,test-data,,,,
5 No flag,T20I,Tarisai Musakanda,Zimbabwe,12,197,16.42,118.69,0,,middle-order,,match-data,pace,kaggle,,,,
5 No flag,T20I,Tim Paine,Australia,12,82,10.25,106.49,0,,wicketkeeper,middle-order,test-data,pace,kaggle,,,,
5 No flag,T20I,Bevon Jacobs,New Zealand,11,183,26.14,142.97,0,,middle-order,,match-data,,,,,,
5 No flag,T20I,Chad Bowes,New Zealand,11,187,17,119.87,0,,opener,,match-data,pace,kaggle,,,,
5 No flag,T20I,Janneman Malan,South Africa,11,241,21.91,129.57,0,,opener,,match-data,spin,kaggle,,,,
5 No flag,T20I,Jason Smith,South Africa,11,124,20.67,119.23,0,,middle-order,,match-data,pace,kaggle,,,,
5 No flag,T20I,Jeetan Patel,New Zealand,11,9,3,64.29,16,8.11,spinner,,test-data,spin,test-data,,,,
5 No flag,T20I,Kemar Roach,West Indies,11,3,,150,10,7.28,fast-bowler,,test-data,pace,test-data,,,,
5 No flag,T20I,Mohammad Asif,Pakistan,11,9,,300,13,8.01,fast-bowler,,test-data,pace,test-data,,,,
5 No flag,T20I,Neil Broom,New Zealand,11,73,12.17,107.35,0,,middle-order,,match-data,pace,kaggle,,,,
5 No flag,T20I,Peter McGlashan,New Zealand,11,61,7.63,95.31,0,,middle-order,,match-data,,,,,,
5 No flag,T20I,Suranga Lakmal,Sri Lanka,11,7,2.33,63.64,8,9.52,fast-bowler,,test-data,pace,test-data,,,,
5 No flag,T20I,Ziaur Rahman,Bangladesh,11,94,15.67,125.33,3,10.16,middle-order,,match-data,pace,kaggle,,,,
5 No flag,T20I,Ackeem Auguste,West Indies,10,165,20.63,132,0,,middle-order,,match-data,spin,kaggle,,,,
5 No flag,T20I,Aftab Ahmed,Bangladesh,10,200,22.22,125.79,0,24,middle-order,,match-data,pace,kaggle,,,,
5 No flag,T20I,Asad Shafiq,Pakistan,10,192,19.2,103.78,0,,middle-order,opener,match-data,spin,kaggle,,,,
5 No flag,T20I,Connor Esterhuizen,South Africa,10,326,40.75,155.24,0,,middle-order,,match-data,,,,,,
5 No flag,T20I,Henry Nicholls,New Zealand,10,100,12.5,89.29,0,,middle-order,,match-data,spin,kaggle,,,,
5 No flag,T20I,Makhaya Ntini,South Africa,10,10,5,90.91,6,9.31,fast-bowler,,test-data,pace,test-data,,,,
5 No flag,T20I,Naeem Islam,Bangladesh,10,130,14.44,114.04,3,8.13,middle-order,,match-data,spin,kaggle,,,,
5 No flag,T20I,Pite van Biljon,South Africa,10,125,20.83,123.76,0,,middle-order,,match-data,pace,kaggle,,,,
5 No flag,T20I,Rony Talukdar,Bangladesh,10,220,24.44,137.5,0,,opener,,match-data,pace,kaggle,,,,
5 No flag,T20I,Shahzaib Hasan,Pakistan,10,116,11.6,89.23,0,,opener,,match-data,spin,kaggle,,,,
5 No flag,T20I,Sreesanth,India,10,20,20,142.86,7,8.47,fast-bowler,,test-data,pace,test-data,,,,
5 No flag,T20I,Stuart Matsikenyeri,Zimbabwe,10,76,7.6,90.57,0,8.63,middle-order,,match-data,spin,kaggle,,,,
5 No flag,T20I,Tony de Zorzi,South Africa,10,134,13.4,101.52,0,,middle-order,opener,match-data,spin,kaggle,,,,
5 No flag,IPL,Virat Kohli,Royal Challengers Bengaluru,282,9336,40.42,134.8,4,8.8,opener,middle-order,match-data,pace,kaggle,,,,
5 No flag,IPL,Rohit Sharma,"Mumbai Indians, Deccan Chargers",281,7329,29.91,132.92,15,8.02,middle-order,opener,match-data,spin,kaggle,,,,
5 No flag,IPL,M S Dhoni,"Rising Pune Supergiant, Chennai Super Kings",277,5439,38.3,137.45,0,,wicketkeeper,middle-order,test-data,pace,kaggle,,,,
5 No flag,IPL,Ravindra Jadeja,"Gujarat Lions, Chennai Super Kings, Rajasthan Royals, Kochi Tuskers Kerala",267,3526,29.14,130.64,180,7.71,all-rounder,spinner / middle-order,match-data,spin,kaggle,,,,
5 No flag,IPL,Shikhar Dhawan,"Sunrisers Hyderabad, Delhi Capitals, Punjab Kings, Mumbai Indians, Deccan Chargers",222,6769,35.26,127.14,4,8.25,opener,,match-data,spin,kaggle,,,,
5 No flag,IPL,Ajinkya Rahane,"Rising Pune Supergiant, Rajasthan Royals, Delhi Capitals, Kolkata Knight Riders, Chennai Super Kings, Mumbai Indians",212,5367,30.15,125.6,1,5,opener,middle-order,match-data,pace,kaggle,,,,
5 No flag,IPL,Robin Uthappa,"Kolkata Knight Riders, Rajasthan Royals, Chennai Super Kings, Mumbai Indians, Royal Challengers Bengaluru, Pune Warriors",205,4952,27.51,130.35,0,,wicketkeeper,middle-order / opener,match-data (stumpings),pace,kaggle,,,,
5 No flag,IPL,Ambati Rayudu,"Mumbai Indians, Chennai Super Kings",204,4348,28.23,127.54,0,,middle-order,,match-data,spin,kaggle,,,,
5 No flag,IPL,Suresh Raina,"Gujarat Lions, Chennai Super Kings",204,5528,32.52,136.73,25,7.39,middle-order,,match-data,spin,kaggle,,,,
5 No flag,IPL,Kieron Pollard,Mumbai Indians,189,3412,28.67,147.32,69,8.79,middle-order,,match-data,pace,kaggle,,,,
5 No flag,IPL,David Warner,"Sunrisers Hyderabad, Delhi Capitals",184,6565,40.52,139.77,0,12,opener,,match-data,spin,kaggle,,,,
5 No flag,IPL,AB de Villiers,"Royal Challengers Bengaluru, Delhi Capitals",183,5162,39.71,151.69,0,,wicketkeeper,middle-order,test-data,pace,kaggle,,,,
5 No flag,IPL,Manish Pandey,"Kolkata Knight Riders, Sunrisers Hyderabad, Lucknow Super Giants, Delhi Capitals, Mumbai Indians, Royal Challengers Bengaluru, Pune Warriors",180,4012,29.5,121.83,0,,middle-order,,match-data,pace,kaggle,,,,
5 No flag,IPL,Suryakumar Yadav,"Kolkata Knight Riders, Mumbai Indians",179,4581,33.68,148.59,0,8,middle-order,,match-data,,,,,,
5 No flag,IPL,Axar Patel,"Punjab Kings, Delhi Capitals",177,2089,21.76,133.74,139,7.43,all-rounder,spinner / middle-order,match-data,spin,kaggle,,,,
5 No flag,IPL,Yusuf Pathan,"Kolkata Knight Riders, Sunrisers Hyderabad, Rajasthan Royals",174,3204,29.13,142.97,42,7.4,middle-order,,match-data,spin,kaggle,,,,
5 No flag,IPL,Wriddhiman Saha,"Punjab Kings, Sunrisers Hyderabad, Gujarat Titans, Kolkata Knight Riders, Chennai Super Kings",169,2934,24.25,127.57,0,,wicketkeeper,middle-order / opener,test-data,,,,,,
5 No flag,IPL,Harbhajan Singh,"Mumbai Indians, Chennai Super Kings, Kolkata Knight Riders",163,833,15.72,137.91,150,7.08,spinner,,test-data,spin,test-data,,,,
5 No flag,IPL,Hardik Pandya,"Mumbai Indians, Gujarat Titans",162,2955,27.88,146.29,82,9.36,all-rounder,fast-bowler / middle-order,match-data,pace,kaggle,,,,
5 No flag,IPL,Dwayne Bravo,"Chennai Super Kings, Mumbai Indians, Gujarat Lions",160,1560,22.61,129.57,183,8.38,all-rounder,fast-bowler / middle-order,match-data,pace,kaggle,,,,
5 No flag,IPL,KL Rahul,"Punjab Kings, Lucknow Super Giants, Delhi Capitals, Royal Challengers Bengaluru, Sunrisers Hyderabad",160,5815,46.15,139.15,0,,wicketkeeper,opener / middle-order,test-data,,,,,,
5 No flag,IPL,Jasprit Bumrah,Mumbai Indians,158,75,9.38,87.21,187,7.34,fast-bowler,,test-data,pace,test-data,,,,
5 No flag,IPL,Krunal Pandya,"Mumbai Indians, Lucknow Super Giants, Royal Challengers Bengaluru",158,1982,23.32,133.83,107,7.57,all-rounder,spinner / middle-order,match-data,spin,kaggle,,,,
5 No flag,IPL,Faf du Plessis,"Rising Pune Supergiant, Chennai Super Kings, Royal Challengers Bengaluru, Delhi Capitals",154,4773,35.1,135.79,0,16,opener,,match-data,spin,kaggle,,,,
5 No flag,IPL,Gautam Gambhir,"Kolkata Knight Riders, Delhi Capitals",154,4217,31.01,123.88,0,,opener,,match-data,spin,kaggle,,,,
5 No flag,IPL,David Miller,"Punjab Kings, Rajasthan Royals, Gujarat Titans, Lucknow Super Giants, Delhi Capitals",152,3288,35.74,139.5,0,,middle-order,,match-data,spin,kaggle,,,,
5 No flag,IPL,Umesh Yadav,"Kolkata Knight Riders, Royal Challengers Bengaluru, Gujarat Titans, Delhi Capitals",148,208,9.9,103.48,144,8.49,fast-bowler,,test-data,pace,test-data,,,,
5 No flag,IPL,Shreyas Iyer,"Delhi Capitals, Kolkata Knight Riders, Punjab Kings",147,4229,35.84,136.73,0,7,middle-order,,match-data,spin,kaggle,,,,
5 No flag,IPL,Shane Watson,"Royal Challengers Bengaluru, Chennai Super Kings, Rajasthan Royals",145,3874,30.99,137.91,92,7.93,all-rounder,fast-bowler / middle-order / opener,match-data,pace,kaggle,,,,
5 No flag,IPL,Chris Gayle,"Royal Challengers Bengaluru, Punjab Kings, Kolkata Knight Riders",141,4965,39.72,148.96,18,7.9,opener,,match-data,spin,kaggle,,,,
5 No flag,IPL,Glenn Maxwell,"Punjab Kings, Delhi Capitals, Royal Challengers Bengaluru, Mumbai Indians",141,2819,23.89,155.15,41,8.3,middle-order,,match-data,spin,kaggle,,,,
5 No flag,IPL,Andre Russell,"Kolkata Knight Riders, Delhi Capitals",139,2651,28.2,174.18,123,9.51,all-rounder,fast-bowler / middle-order,match-data,pace,kaggle,,,,
5 No flag,IPL,Rishabh Pant,"Delhi Capitals, Lucknow Super Giants",139,3865,33.61,146.79,0,,wicketkeeper,middle-order,test-data,,,,,,
5 No flag,IPL,Jos Buttler,"Mumbai Indians, Rajasthan Royals, Gujarat Titans",138,4646,39.71,149.73,0,,wicketkeeper,opener / middle-order,test-data,,,,,,
5 No flag,IPL,Shubman Gill,"Kolkata Knight Riders, Gujarat Titans",134,4598,40.33,142.09,0,,opener,,match-data,spin,kaggle,,,,
5 No flag,IPL,Mohammed Shami,"Delhi Capitals, Punjab Kings, Gujarat Titans, Sunrisers Hyderabad, Lucknow Super Giants, Kolkata Knight Riders",132,115,6.05,103.6,145,8.67,fast-bowler,,test-data,pace,test-data,,,,
5 No flag,IPL,Yuvraj Singh,"Sunrisers Hyderabad, Punjab Kings, Mumbai Indians, Pune Warriors, Royal Challengers Bengaluru, Delhi Capitals",132,2750,24.77,129.72,36,7.44,middle-order,,match-data,spin,kaggle,,,,
5 No flag,IPL,Mayank Agarwal,"Rising Pune Supergiant, Punjab Kings, Sunrisers Hyderabad, Royal Challengers Bengaluru, Delhi Capitals",130,2756,22.97,133.53,0,,opener,middle-order,match-data,,,,,,
5 No flag,IPL,Nitish Rana,"Mumbai Indians, Kolkata Knight Riders, Rajasthan Royals, Delhi Capitals",127,3078,27.73,137.72,10,9.03,middle-order,,match-data,spin,kaggle,,,,
5 No flag,IPL,Deepak Hooda,"Sunrisers Hyderabad, Punjab Kings, Lucknow Super Giants, Chennai Super Kings, Rajasthan Royals",125,1496,17.6,127.65,10,8.64,middle-order,,match-data,spin,kaggle,,,,
5 No flag,IPL,Mohammed Siraj,"Sunrisers Hyderabad, Royal Challengers Bengaluru, Gujarat Titans",125,117,9.75,84.17,128,8.78,fast-bowler,,test-data,pace,test-data,,,,
5 No flag,IPL,Rahul Tewatia,"Punjab Kings, Delhi Capitals, Rajasthan Royals, Gujarat Titans",124,1302,23.67,138.07,32,7.91,middle-order,,match-data,spin,kaggle,,,,
5 No flag,IPL,Trent Boult,"Kolkata Knight Riders, Delhi Capitals, Mumbai Indians, Rajasthan Royals, Sunrisers Hyderabad",124,93,9.3,109.41,145,8.49,fast-bowler,,test-data,pace,test-data,,,,
5 No flag,IPL,Marcus Stoinis,"Punjab Kings, Royal Challengers Bengaluru, Delhi Capitals, Lucknow Super Giants",123,2242,28.74,147.5,46,9.93,middle-order,,match-data,pace,kaggle,,,,
5 No flag,IPL,Lasith Malinga,Mumbai Indians,122,88,5.5,88.89,170,7.14,fast-bowler,,test-data,pace,test-data,,,,
5 No flag,IPL,Quinton de Kock,"Royal Challengers Bengaluru, Mumbai Indians, Lucknow Super Giants, Kolkata Knight Riders, Sunrisers Hyderabad, Delhi Capitals",118,3441,31.28,134.94,0,,wicketkeeper,opener,test-data,,,,,,
5 No flag,IPL,Ishant Sharma,"Punjab Kings, Delhi Capitals, Gujarat Titans, Kolkata Knight Riders, Deccan Chargers, Sunrisers Hyderabad, Rising Pune Supergiant",117,57,9.5,82.61,96,8.38,fast-bowler,,test-data,pace,test-data,,,,
5 No flag,IPL,Mandeep Singh,"Royal Challengers Bengaluru, Punjab Kings, Delhi Capitals, Kolkata Knight Riders",111,1706,20.8,122.91,0,13,middle-order,opener,match-data,,,,,,
5 No flag,IPL,Brendon McCullum,"Gujarat Lions, Royal Challengers Bengaluru, Kolkata Knight Riders, Kochi Tuskers Kerala, Chennai Super Kings",109,2880,27.69,131.75,0,,wicketkeeper,opener,test-data,spin,kaggle,,,,
5 No flag,IPL,Murali Vijay,"Chennai Super Kings, Delhi Capitals, Punjab Kings",106,2619,25.93,121.87,0,8.17,opener,,match-data,spin,kaggle,,,,
5 No flag,IPL,Virender Sehwag,"Delhi Capitals, Punjab Kings",104,2728,27.56,155.44,6,10.37,opener,,match-data,spin,kaggle,,,,
5 No flag,IPL,Irfan Pathan,"Gujarat Lions, Punjab Kings, Delhi Capitals, Sunrisers Hyderabad, Rising Pune Supergiant",103,1139,21.49,120.4,80,7.78,all-rounder,fast-bowler / middle-order,match-data,pace,kaggle,,,,
5 No flag,IPL,Steve Smith,"Rising Pune Supergiant, Rajasthan Royals, Delhi Capitals, Pune Warriors",103,2485,34.51,128.09,0,15,middle-order,,match-data,spin,kaggle,,,,
5 No flag,IPL,Kagiso Rabada,"Delhi Capitals, Punjab Kings, Gujarat Titans",101,262,13.1,109.62,148,8.8,fast-bowler,,test-data,pace,test-data,,,,
5 No flag,IPL,Rahul Tripathi,"Rising Pune Supergiant, Rajasthan Royals, Kolkata Knight Riders, Sunrisers Hyderabad, Chennai Super Kings",100,2291,26.33,137.85,0,12,middle-order,opener,match-data,pace,kaggle,,,,
5 No flag,IPL,Zaheer Khan,"Delhi Capitals, Royal Challengers Bengaluru, Mumbai Indians",99,117,8.36,82.98,102,7.59,fast-bowler,,test-data,pace,test-data,,,,
5 No flag,IPL,Jacques Kallis,"Royal Challengers Bengaluru, Kolkata Knight Riders",98,2427,28.55,109.23,65,7.9,all-rounder,fast-bowler / opener / middle-order,match-data,pace,kaggle,,,,
5 No flag,IPL,Manoj Tiwary,"Rising Pune Supergiant, Punjab Kings, Delhi Capitals, Kolkata Knight Riders",98,1695,28.73,116.98,1,11.86,middle-order,,match-data,spin,kaggle,,,,
5 No flag,IPL,Riyan Parag,Rajasthan Royals,97,1875,25.68,144.23,9,9.69,middle-order,,match-data,spin,kaggle,,,,
5 No flag,IPL,Dale Steyn,"Royal Challengers Bengaluru, Deccan Chargers, Sunrisers Hyderabad, Gujarat Lions",95,167,7.59,104.38,97,6.92,fast-bowler,,test-data,pace,test-data,,,,
5 No flag,IPL,Kedar Jadhav,"Royal Challengers Bengaluru, Chennai Super Kings, Sunrisers Hyderabad, Delhi Capitals, Kochi Tuskers Kerala",95,1208,22.37,123.14,0,,wicketkeeper,middle-order,match-data (stumpings),spin,kaggle,,,,
5 No flag,IPL,Stuart Binny,"Royal Challengers Bengaluru, Rajasthan Royals, Mumbai Indians",95,880,19.13,128.84,22,7.66,middle-order,,match-data,pace,kaggle,,,,
5 No flag,IPL,Shimron Hetmeyer,"Royal Challengers Bengaluru, Delhi Capitals, Rajasthan Royals",94,1560,27.37,149.28,0,,middle-order,,match-data,,,,,,
5 No flag,IPL,Subramaniam Badrinath,Chennai Super Kings,94,1441,30.66,118.89,0,,middle-order,,match-data,spin,kaggle,,,,
5 No flag,IPL,Aaron Finch,"Gujarat Lions, Punjab Kings, Royal Challengers Bengaluru, Kolkata Knight Riders, Rajasthan Royals, Delhi Capitals, Pune Warriors, Sunrisers Hyderabad, Mumbai Indians",92,2091,25.19,128.2,1,9.35,opener,middle-order,match-data,spin,kaggle,,,,
5 No flag,IPL,Abhishek Sharma,"Delhi Capitals, Sunrisers Hyderabad",92,2379,29.37,171.27,11,9.04,opener,middle-order,match-data,spin,kaggle,,,,
5 No flag,IPL,Saurabh Tiwary,"Mumbai Indians, Royal Challengers Bengaluru, Delhi Capitals, Rising Pune Supergiant",92,1494,28.73,120.1,0,,middle-order,,match-data,,,,,,
5 No flag,IPL,Shivam Dube,"Royal Challengers Bengaluru, Rajasthan Royals, Chennai Super Kings",92,2129,31.31,145.42,6,10.79,middle-order,,match-data,pace,kaggle,,,,
5 No flag,IPL,Dwayne Smith,"Gujarat Lions, Mumbai Indians, Deccan Chargers, Chennai Super Kings",91,2385,28.39,135.2,26,9.02,opener,middle-order,match-data,pace,kaggle,,,,
5 No flag,IPL,Albie Morkel,"Chennai Super Kings, Royal Challengers Bengaluru, Delhi Capitals, Rising Pune Supergiant",90,974,24.35,141.98,85,8.21,all-rounder,fast-bowler / middle-order,match-data,pace,kaggle,,,,
5 No flag,IPL,Devdutt Padikkal,"Royal Challengers Bengaluru, Rajasthan Royals, Lucknow Super Giants",90,2270,26.71,133.14,0,,middle-order,opener,match-data,spin,kaggle,,,,
5 No flag,IPL,Rahul Dravid,"Royal Challengers Bengaluru, Rajasthan Royals",89,2174,28.23,115.52,0,,opener,middle-order,match-data,spin,kaggle,,,,
5 No flag,IPL,Karun Nair,"Delhi Capitals, Punjab Kings, Rajasthan Royals, Royal Challengers Bengaluru",86,1712,23.45,131.29,0,,middle-order,opener,match-data,spin,kaggle,,,,
5 No flag,IPL,Ruturaj Gaikwad,Chennai Super Kings,85,2839,38.36,135.64,0,,opener,,match-data,spin,kaggle,,,,
5 No flag,IPL,Eoin Morgan,"Punjab Kings, Kolkata Knight Riders, Royal Challengers Bengaluru, Sunrisers Hyderabad",83,1405,22.66,122.6,0,,middle-order,,match-data,pace,kaggle,,,,
5 No flag,IPL,Jean-Paul Duminy,"Mumbai Indians, Deccan Chargers, Delhi Capitals",83,2029,39.78,124.02,23,7.38,middle-order,,match-data,spin,kaggle,,,,
5 No flag,IPL,Washington Sundar,"Rising Pune Supergiant, Royal Challengers Bengaluru, Sunrisers Hyderabad, Gujarat Titans",83,888,20.65,135.37,40,7.77,all-rounder,spinner / middle-order,match-data,spin,kaggle,,,,
5 No flag,IPL,Yashasvi Jaiswal,Rajasthan Royals,82,2593,33.68,152.8,0,36,opener,,match-data,spin,kaggle,,,,
5 No flag,IPL,Chris Morris,"Delhi Capitals, Royal Challengers Bengaluru, Rajasthan Royals, Chennai Super Kings",81,618,22.07,155.28,95,8.01,all-rounder,fast-bowler / middle-order,match-data,pace,kaggle,,,,
5 No flag,IPL,Adam Gilchrist,"Deccan Chargers, Punjab Kings",80,2069,27.22,138.39,1,0,wicketkeeper,opener,test-data,spin,kaggle,,,,
5 No flag,IPL,Mahela Jayawardene,"Punjab Kings, Kochi Tuskers Kerala, Delhi Capitals",80,1802,28.6,123.26,0,,middle-order,opener,match-data,pace,kaggle,,,,
5 No flag,IPL,Kane Williamson,"Sunrisers Hyderabad, Gujarat Titans",79,2128,35.47,125.62,0,10.33,middle-order,opener,match-data,spin,kaggle,,,,
5 No flag,IPL,Prithvi Shaw,Delhi Capitals,79,1892,23.95,147.47,0,,opener,,match-data,spin,kaggle,,,,
5 No flag,IPL,Sachin Tendulkar,Mumbai Indians,78,2334,34.84,119.82,0,9.67,opener,,match-data,spin,kaggle,,,,
5 No flag,IPL,Vijay Shankar,"Sunrisers Hyderabad, Delhi Capitals, Gujarat Titans, Chennai Super Kings",78,1233,26.23,129.79,9,8.67,middle-order,,match-data,pace,kaggle,,,,
5 No flag,IPL,Moeen Ali,"Royal Challengers Bengaluru, Chennai Super Kings, Kolkata Knight Riders",73,1167,22.02,139.76,41,7.23,all-rounder,spinner / middle-order,match-data,spin,kaggle,,,,
5 No flag,IPL,Rinku Singh,Kolkata Knight Riders,72,1394,34,145.97,0,,middle-order,,match-data,,,,,,
5 No flag,IPL,Abdul Samad,"Sunrisers Hyderabad, Lucknow Super Giants",71,857,19.48,148.78,2,13.16,middle-order,,match-data,spin,kaggle,,,,
5 No flag,IPL,Kumar Sangakkara,"Punjab Kings, Deccan Chargers, Sunrisers Hyderabad",71,1687,25.95,121.19,0,,wicketkeeper,middle-order,test-data,spin,kaggle,,,,
5 No flag,IPL,Shakib Al Hasan,"Kolkata Knight Riders, Sunrisers Hyderabad",71,793,19.83,124.49,63,7.44,all-rounder,spinner / middle-order,match-data,spin,kaggle,,,,
5 No flag,IPL,Shaun Marsh,Punjab Kings,71,2477,39.95,132.74,0,,middle-order,opener,match-data,spin,kaggle,,,,
5 No flag,IPL,Morne Morkel,"Rajasthan Royals, Delhi Capitals, Kolkata Knight Riders",70,126,11.45,140,77,7.69,fast-bowler,,test-data,pace,test-data,,,,
5 No flag,IPL,Aiden Markram,"Punjab Kings, Sunrisers Hyderabad, Lucknow Super Giants",69,1671,30.38,135.52,6,9.61,middle-order,opener,match-data,spin,kaggle,,,,
5 No flag,IPL,Jofra Archer,"Rajasthan Royals, Mumbai Indians",68,326,13.04,144.89,84,8.22,fast-bowler,,test-data,pace,test-data,,,,
5 No flag,IPL,Tilak Varma,Mumbai Indians,68,1858,35.73,144.7,0,7.64,middle-order,,match-data,spin,kaggle,,,,
5 No flag,IPL,Venkatesh Iyer,"Kolkata Knight Riders, Royal Challengers Bengaluru",68,1677,31.64,142,3,10.59,middle-order,opener,match-data,pace,kaggle,,,,
5 No flag,IPL,Ayush Badoni,Lucknow Super Giants,66,1178,25.61,140.91,4,9.22,middle-order,,match-data,spin,kaggle,,,,
5 No flag,IPL,Bradley Hodge,"Kolkata Knight Riders, Kochi Tuskers Kerala, Rajasthan Royals",66,1400,33.33,125.22,17,7.77,middle-order,,match-data,spin,kaggle,,,,
5 No flag,IPL,Muttiah Muralitharan,"Chennai Super Kings, Kochi Tuskers Kerala, Royal Challengers Bengaluru",66,20,3.33,66.67,63,6.68,spinner,,test-data,spin,test-data,,,,
5 No flag,IPL,Tim David,"Royal Challengers Bengaluru, Mumbai Indians",66,1151,32.89,177.08,0,18,middle-order,,match-data,spin,kaggle,,,,
5 No flag,IPL,Yalaka Venugopal Rao,"Deccan Chargers, Delhi Capitals, Sunrisers Hyderabad",65,985,22.39,117.82,6,9.36,middle-order,,match-data,,,,,,
5 No flag,IPL,David Hussey,"Kolkata Knight Riders, Punjab Kings, Chennai Super Kings",64,1322,26.98,122.98,8,8.97,middle-order,,match-data,spin,kaggle,,,,
5 No flag,IPL,Sam Curran,"Punjab Kings, Chennai Super Kings",64,997,24.93,136.39,59,9.74,all-rounder,fast-bowler / middle-order,match-data,pace,kaggle,,,,
5 No flag,IPL,Shahrukh Khan,"Punjab Kings, Gujarat Titans",64,775,20.39,147.9,1,9.33,middle-order,,match-data,spin,kaggle,,,,
5 No flag,IPL,Shahbaz Ahmed,"Royal Challengers Bengaluru, Sunrisers Hyderabad, Lucknow Super Giants",63,603,20.79,123.31,27,9.79,all-rounder,spinner / middle-order,match-data,spin,kaggle,,,,
5 No flag,IPL,Moises Henriques,"Sunrisers Hyderabad, Punjab Kings, Kolkata Knight Riders, Delhi Capitals, Royal Challengers Bengaluru",62,1000,27.78,126.9,42,8.14,all-rounder,fast-bowler / middle-order,match-data,pace,kaggle,,,,
5 No flag,IPL,Abhishek Nayar,"Mumbai Indians, Punjab Kings, Pune Warriors, Rajasthan Royals",60,672,17.68,116.46,9,8.44,middle-order,,match-data,pace,kaggle,,,,
5 No flag,IPL,James Faulkner,"Gujarat Lions, Pune Warriors, Punjab Kings, Rajasthan Royals",60,527,21.08,135.48,59,8.69,all-rounder,fast-bowler / middle-order,match-data,pace,kaggle,,,,
5 No flag,IPL,Mustafizur Rahman,"Sunrisers Hyderabad, Mumbai Indians, Rajasthan Royals, Delhi Capitals, Chennai Super Kings",60,13,6.5,54.17,65,8.13,fast-bowler,,test-data,pace,test-data,,,,
5 No flag,IPL,Imran Tahir,"Rising Pune Supergiant, Chennai Super Kings, Delhi Capitals",59,33,8.25,89.19,82,7.76,spinner,,test-data,spin,test-data,,,,
5 No flag,IPL,Michael Hussey,"Chennai Super Kings, Mumbai Indians",59,1977,38.76,122.64,0,,opener,,match-data,pace,kaggle,,,,
5 No flag,IPL,Sourav Ganguly,"Kolkata Knight Riders, Pune Warriors",59,1349,25.45,106.81,10,7.89,middle-order,opener,match-data,pace,kaggle,,,,
5 No flag,IPL,Mitchell Starc,"Kolkata Knight Riders, Delhi Capitals, Royal Challengers Bengaluru",58,111,9.25,91.74,76,8.82,fast-bowler,,test-data,pace,test-data,,,,
5 No flag,IPL,S N Khan,"Royal Challengers Bengaluru, Punjab Kings, Delhi Capitals, Chennai Super Kings",58,746,22.61,137.38,0,18,middle-order,,match-data,,,,,,
5 No flag,IPL,Rajat Patidar,Royal Challengers Bengaluru,57,1612,33.58,164.49,0,,middle-order,,match-data,spin,kaggle,,,,
5 No flag,IPL,Sai Sudharsan,Gujarat Titans,57,2515,48.37,149.17,0,,opener,middle-order,match-data,spin,kaggle,,,,
5 No flag,IPL,Manan Vohra,"Punjab Kings, Royal Challengers Bengaluru, Rajasthan Royals, Lucknow Super Giants",56,1083,22.1,130.64,0,,opener,middle-order,match-data,pace,kaggle,,,,
5 No flag,IPL,Mithun Manhas,"Delhi Capitals, Pune Warriors, Chennai Super Kings",55,514,22.35,109.36,0,6,middle-order,,match-data,spin,kaggle,,,,
5 No flag,IPL,Ross Taylor,"Royal Challengers Bengaluru, Rajasthan Royals, Delhi Capitals, Pune Warriors",55,1017,25.43,123.72,0,12,middle-order,,match-data,spin,kaggle,,,,
5 No flag,IPL,Shane Warne,Rajasthan Royals,55,198,9.9,92.52,57,7.27,spinner,,test-data,spin,test-data,,,,
5 No flag,IPL,Shashank Singh,"Sunrisers Hyderabad, Punjab Kings",54,905,36.2,161.61,5,9.33,middle-order,,match-data,,,,,,
5 No flag,IPL,Tim Southee,"Mumbai Indians, Royal Challengers Bengaluru, Kolkata Knight Riders, Chennai Super Kings, Rajasthan Royals",54,120,9.23,112.15,47,8.67,fast-bowler,,test-data,pace,test-data,,,,
5 No flag,IPL,Travis Head,"Royal Challengers Bengaluru, Sunrisers Hyderabad",53,1556,32.42,170.05,3,11.25,opener,,match-data,spin,kaggle,,,,
5 No flag,IPL,Jonny Bairstow,"Sunrisers Hyderabad, Punjab Kings, Mumbai Indians",52,1674,34.88,146.07,0,,wicketkeeper,opener,test-data,pace,kaggle,,,,
5 No flag,IPL,Josh Hazlewood,"Chennai Super Kings, Royal Challengers Bengaluru",52,19,19,63.33,72,8.62,fast-bowler,,test-data,pace,test-data,,,,
5 No flag,IPL,Liam Livingstone,"Rajasthan Royals, Punjab Kings, Royal Challengers Bengaluru, Sunrisers Hyderabad",51,1066,25.38,155.17,13,9.02,middle-order,,match-data,spin,kaggle,,,,
5 No flag,IPL,Tillakaratne Dilshan,"Delhi Capitals, Royal Challengers Bengaluru",51,1153,26.81,114.5,5,8.1,opener,middle-order,match-data,spin,kaggle,,,,
5 No flag,IPL,Angelo Mathews,"Delhi Capitals, Kolkata Knight Riders, Pune Warriors",49,724,23.35,125.91,27,8.18,all-rounder,fast-bowler / middle-order,match-data,pace,kaggle,,,,
5 No flag,IPL,Anrich Nortje,"Delhi Capitals, Kolkata Knight Riders, Lucknow Super Giants",49,49,7,98,61,9.09,fast-bowler,,test-data,pace,test-data,,,,
5 No flag,IPL,Cameron White,"Royal Challengers Bengaluru, Deccan Chargers, Sunrisers Hyderabad",47,954,26.5,126.36,1,12.29,middle-order,,match-data,spin,kaggle,,,,
5 No flag,IPL,Laxmi Shukla,"Kolkata Knight Riders, Delhi Capitals",47,405,15,115.71,15,8.54,middle-order,,match-data,pace,kaggle,,,,
5 No flag,IPL,Ben Stokes,"Rising Pune Supergiant, Rajasthan Royals, Chennai Super Kings",45,935,24.61,133.95,28,8.64,all-rounder,fast-bowler / middle-order / opener,match-data,pace,kaggle,,,,
5 No flag,IPL,Nehal Wadhera,"Mumbai Indians, Punjab Kings",45,784,23.76,140,0,7.76,middle-order,,match-data,spin,kaggle,,,,
5 No flag,IPL,Sreesanth,"Punjab Kings, Kochi Tuskers Kerala, Rajasthan Royals",44,34,8.5,61.82,40,8.14,fast-bowler,,test-data,pace,test-data,,,,
5 No flag,IPL,Cameron Green,"Mumbai Indians, Royal Challengers Bengaluru, Kolkata Knight Riders",43,1029,38.11,151.1,23,9.44,all-rounder,fast-bowler / middle-order,match-data,pace,kaggle,,,,
5 No flag,IPL,TL Suman,"Deccan Chargers, Mumbai Indians, Pune Warriors",43,676,21.13,117.57,6,7.88,middle-order,,match-data,,,,,,
5 No flag,IPL,Anil Kumble,Royal Challengers Bengaluru,42,35,11.67,74.47,45,6.58,spinner,,test-data,spin,test-data,,,,
5 No flag,IPL,Chris Lynn,"Kolkata Knight Riders, Mumbai Indians, Deccan Chargers",42,1329,34.08,140.63,0,,opener,,match-data,spin,kaggle,,,,
5 No flag,IPL,Nitish Reddy,Sunrisers Hyderabad,42,787,29.15,145.47,13,10.65,middle-order,,match-data,pace,kaggle,,,,
5 No flag,IPL,Gurkeerat Singh Mann,"Punjab Kings, Royal Challengers Bengaluru",41,511,21.29,121.09,5,7.46,middle-order,,match-data,,,,,,
5 No flag,IPL,George Bailey,"Chennai Super Kings, Punjab Kings, Rising Pune Supergiant",40,663,24.56,121.88,0,,middle-order,,match-data,pace,kaggle,,,,
5 No flag,IPL,Mahipal Lomror,"Rajasthan Royals, Royal Challengers Bengaluru",40,527,18.17,141.29,1,8.47,middle-order,,match-data,spin,kaggle,,,,
5 No flag,IPL,Andrew Symonds,"Deccan Chargers, Mumbai Indians",39,974,36.07,129.87,20,7.67,all-rounder,fast-bowler / middle-order,match-data,pace,kaggle,,,,
5 No flag,IPL,Rovman Powell,"Delhi Capitals, Rajasthan Royals, Kolkata Knight Riders",39,555,22.2,142.31,1,11.67,middle-order,,match-data,pace,kaggle,,,,
5 No flag,IPL,Brett Lee,"Punjab Kings, Kolkata Knight Riders",38,124,12.4,127.84,25,7.51,fast-bowler,,test-data,pace,test-data,,,,
5 No flag,IPL,Ramandeep Singh,"Mumbai Indians, Kolkata Knight Riders",38,299,18.69,145.85,7,10.07,middle-order,,match-data,pace,kaggle,,,,
5 No flag,IPL,Naman Dhir,Mumbai Indians,37,710,27.31,163.97,0,8.77,middle-order,,match-data,,,,,,
5 No flag,IPL,Thisara Perera,"Chennai Super Kings, Kochi Tuskers Kerala, Mumbai Indians, Sunrisers Hyderabad, Punjab Kings, Rising Pune Supergiant",37,422,19.18,137.46,31,8.73,all-rounder,fast-bowler / middle-order,match-data,pace,kaggle,,,,
5 No flag,IPL,Herschelle Gibbs,"Deccan Chargers, Mumbai Indians",36,886,27.69,109.79,0,,opener,middle-order,match-data,pace,kaggle,,,,
5 No flag,IPL,Kevin Pietersen,"Royal Challengers Bengaluru, Delhi Capitals, Rising Pune Supergiant",36,1001,37.07,134.72,7,7.41,middle-order,,match-data,spin,kaggle,,,,
5 No flag,IPL,Angkrish Raghuvanshi,Kolkata Knight Riders,35,885,34.04,145.56,0,,middle-order,,match-data,spin,kaggle,,,,
5 No flag,IPL,Mitchell Santner,"Chennai Super Kings, Mumbai Indians",35,136,17,110.57,30,7.51,spinner,,test-data,spin,test-data,,,,
5 No flag,IPL,Daniel Vettori,"Delhi Capitals, Royal Challengers Bengaluru",34,121,15.13,107.08,28,6.79,spinner,,test-data,spin,test-data,,,,
5 No flag,IPL,Johan Botha,"Rajasthan Royals, Delhi Capitals, Kolkata Knight Riders",34,409,20.45,113.93,25,6.92,all-rounder,spinner / middle-order,match-data,spin,kaggle,,,,
5 No flag,IPL,Rajagopal Sathish,"Mumbai Indians, Punjab Kings, Kolkata Knight Riders",34,270,15.88,116.88,3,10.01,middle-order,,match-data,pace,kaggle,,,,
5 No flag,IPL,Romario Shepherd,"Sunrisers Hyderabad, Lucknow Super Giants, Mumbai Indians, Royal Challengers Bengaluru",33,268,24.36,175.16,17,11.77,all-rounder,fast-bowler / middle-order,match-data,pace,kaggle,,,,
5 No flag,IPL,Ashutosh Sharma,"Punjab Kings, Delhi Capitals",32,564,29.68,168.86,0,,middle-order,,match-data,,,,,,
5 No flag,IPL,Dwaraka Ravi Teja,"Deccan Chargers, Sunrisers Hyderabad",32,375,19.74,118.3,1,9.33,middle-order,,match-data,spin,kaggle,,,,
5 No flag,IPL,Matthew Hayden,Chennai Super Kings,32,1107,36.9,137.52,0,,opener,,match-data,pace,kaggle,,,,
5 No flag,IPL,Ashish Reddy,"Deccan Chargers, Sunrisers Hyderabad",31,280,18.67,145.08,18,9.07,middle-order,,match-data,pace,kaggle,,,,
5 No flag,IPL,Mark Boucher,"Royal Challengers Bengaluru, Kolkata Knight Riders",31,394,28.14,127.51,0,,wicketkeeper,middle-order,test-data,pace,kaggle,,,,
5 No flag,IPL,Priyansh Arya,Punjab Kings,31,909,29.32,192.99,0,,opener,,match-data,,,,,,
5 No flag,IPL,Sherfane Rutherford,"Delhi Capitals, Royal Challengers Bengaluru, Gujarat Titans, Mumbai Indians",31,520,24.76,142.86,1,8.63,middle-order,,match-data,pace,kaggle,,,,
5 No flag,IPL,Cheteshwar Pujara,"Kolkata Knight Riders, Royal Challengers Bengaluru, Punjab Kings",30,390,20.53,99.74,0,,opener,middle-order,match-data,spin,kaggle,,,,
5 No flag,IPL,Corey Anderson,"Delhi Capitals, Royal Challengers Bengaluru, Mumbai Indians",30,538,24.45,127.19,11,10.46,all-rounder,fast-bowler / middle-order,match-data,pace,kaggle,,,,
5 No flag,IPL,Sanath Jayasuriya,Mumbai Indians,30,768,27.43,144.36,13,7.96,all-rounder,spinner / opener,match-data,spin,kaggle,,,,
5 No flag,IPL,Ashok Menaria,Rajasthan Royals,29,401,19.1,112.64,3,7.85,middle-order,,match-data,spin,kaggle,,,,
5 No flag,IPL,Devon Conway,Chennai Super Kings,29,1080,43.2,139.72,0,,wicketkeeper,opener,test-data,pace,kaggle,,,,
5 No flag,IPL,Graeme Smith,"Rajasthan Royals, Pune Warriors",29,739,28.42,110.63,0,,opener,,match-data,spin,kaggle,,,,
5 No flag,IPL,Jesse Ryder,"Royal Challengers Bengaluru, Pune Warriors",29,604,21.57,131.88,8,7.7,opener,,match-data,pace,kaggle,,,,
5 No flag,IPL,Lendl Simmons,Mumbai Indians,29,1079,39.96,126.64,1,11.33,opener,,match-data,pace,kaggle,,,,
5 No flag,IPL,Mohammad Kaif,"Rajasthan Royals, Punjab Kings, Royal Challengers Bengaluru",29,259,14.39,103.6,0,,middle-order,,match-data,spin,kaggle,,,,
5 No flag,IPL,RN ten Doeschate,Kolkata Knight Riders,29,326,23.29,138.72,2,7.23,middle-order,,match-data,,,,,,
5 No flag,IPL,Lungi Ngidi,"Chennai Super Kings, Royal Challengers Bengaluru, Delhi Capitals",28,4,2,44.44,42,8.41,fast-bowler,,test-data,pace,test-data,,,,
5 No flag,IPL,Will Jacks,"Royal Challengers Bengaluru, Mumbai Indians",28,602,27.36,158.84,10,9.86,middle-order,,match-data,spin,kaggle,,,,
5 No flag,IPL,Abhinav Manohar,"Gujarat Titans, Sunrisers Hyderabad",27,292,15.37,124.26,0,,middle-order,,match-data,spin,kaggle,,,,
5 No flag,IPL,Dewald Brevis,"Mumbai Indians, Chennai Super Kings",27,606,25.25,146.02,1,16,middle-order,,match-data,spin,kaggle,,,,
5 No flag,IPL,Evin Lewis,"Mumbai Indians, Rajasthan Royals, Lucknow Super Giants",27,654,27.25,137.11,0,,opener,middle-order,match-data,,,,,,
5 No flag,IPL,Lalit Yadav,Delhi Capitals,27,305,19.06,105.17,10,8.85,all-rounder,spinner / middle-order,match-data,spin,kaggle,,,,
5 No flag,IPL,Ryan Rickelton,Mumbai Indians,26,836,34.83,168.21,0,,wicketkeeper,opener,test-data,,,,,,
5 No flag,IPL,Yogesh Nagar,Delhi Capitals,26,285,20.36,110.04,4,11.36,middle-order,,match-data,spin,kaggle,,,,
5 No flag,IPL,Colin de Grandhomme,"Kolkata Knight Riders, Royal Challengers Bengaluru",25,303,18.94,134.67,6,8.86,middle-order,,match-data,pace,kaggle,,,,
5 No flag,IPL,Sameer Rizvi,"Chennai Super Kings, Delhi Capitals",25,424,30.29,144.71,0,,middle-order,,match-data,pace,kaggle,,,,
5 No flag,IPL,Aniket Verma,Sunrisers Hyderabad,24,315,21,160.71,0,,middle-order,,match-data,spin,kaggle,,,,
5 No flag,IPL,Hanuma Vihari,"Delhi Capitals, Sunrisers Hyderabad",24,284,14.2,88.47,1,6.71,middle-order,,match-data,spin,kaggle,,,,
5 No flag,IPL,Ravi Bopara,"Punjab Kings, Sunrisers Hyderabad",24,531,29.5,117.22,11,8.5,opener,middle-order,match-data,pace,kaggle,,,,
5 No flag,IPL,B Chipli,"Royal Challengers Bengaluru, Deccan Chargers, Delhi Capitals",23,280,18.67,111.55,0,20,middle-order,,match-data,,,,,,
5 No flag,IPL,Owais Shah,"Kolkata Knight Riders, Kochi Tuskers Kerala, Rajasthan Royals",23,506,33.73,130.08,0,,middle-order,,match-data,spin,kaggle,,,,
5 No flag,IPL,Paul Valthaty,"Rajasthan Royals, Punjab Kings",23,505,22.95,120.81,7,8.15,opener,,match-data,pace,kaggle,,,,
5 No flag,IPL,Priyam Garg,"Sunrisers Hyderabad, Delhi Capitals",23,273,15.17,113.28,0,,middle-order,,match-data,pace,kaggle,,,,
5 No flag,IPL,V Suryavanshi,Rajasthan Royals,23,1028,44.7,228.95,0,,opener,,match-data,,,,,,
5 No flag,IPL,Abhishek Raut,Rajasthan Royals,22,194,21.56,116.17,0,8.8,middle-order,,match-data,,,,,,
5 No flag,IPL,Alzarri Joseph,"Mumbai Indians, Gujarat Titans, Royal Challengers Bengaluru",22,27,27,84.38,21,9.55,fast-bowler,,test-data,pace,test-data,,,,
5 No flag,IPL,Daren Sammy,"Sunrisers Hyderabad, Royal Challengers Bengaluru",22,295,19.67,122.41,11,8.9,all-rounder,fast-bowler / middle-order,match-data,pace,kaggle,,,,
5 No flag,IPL,K Goel,Punjab Kings,22,218,14.53,94.37,0,8.45,opener,middle-order,match-data,,,,,,
5 No flag,IPL,Rilee Rossouw,"Delhi Capitals, Punjab Kings, Royal Challengers Bengaluru",22,473,23.65,153.57,0,,middle-order,,match-data,spin,kaggle,,,,
5 No flag,IPL,S Sohal,"Punjab Kings, Deccan Chargers",22,368,18.4,126.03,0,,opener,,match-data,spin,wikidata,,,,
5 No flag,IPL,AA Jhunjhunwala,"Rajasthan Royals, Pune Warriors, Deccan Chargers",21,217,16.69,103.33,1,9.11,middle-order,,match-data,,,,,,
5 No flag,IPL,Ben Cutting,"Sunrisers Hyderabad, Mumbai Indians, Rajasthan Royals",21,238,21.64,168.79,10,9.16,all-rounder,fast-bowler / middle-order,match-data,pace,kaggle,,,,
5 No flag,IPL,Chris Woakes,"Kolkata Knight Riders, Royal Challengers Bengaluru, Delhi Capitals",21,78,13,101.3,30,8.97,fast-bowler,,test-data,pace,test-data,,,,
5 No flag,IPL,James Hopes,"Punjab Kings, Delhi Capitals",21,417,26.06,136.27,14,9.13,all-rounder,fast-bowler / opener / middle-order,match-data,pace,kaggle,,,,
5 No flag,IPL,Jason Roy,"Gujarat Lions, Delhi Capitals, Sunrisers Hyderabad, Kolkata Knight Riders",21,614,32.32,138.6,0,,opener,,match-data,,,,,,
5 No flag,IPL,Unmukt Chand,"Delhi Capitals, Rajasthan Royals, Mumbai Indians",21,300,15,100,0,,middle-order,opener,match-data,spin,kaggle,,,,
5 No flag,IPL,James Franklin,Mumbai Indians,20,327,29.73,108.64,9,8.74,middle-order,opener,match-data,pace,kaggle,,,,
5 No flag,IPL,Sachin Baby,"Royal Challengers Bengaluru, Sunrisers Hyderabad, Rajasthan Royals",20,144,16,122.03,2,4.8,middle-order,,match-data,spin,kaggle,,,,
5 No flag,IPL,Shubham Dubey,Rajasthan Royals,20,220,22,153.85,0,,middle-order,,match-data,spin,kaggle,,,,
5 No flag,IPL,Srikkanth Anirudha,"Chennai Super Kings, Sunrisers Hyderabad",20,136,17,120.35,0,,middle-order,opener,match-data,,,,,,
5 No flag,IPL,Swapnil A Asnodkar,Rajasthan Royals,20,423,21.15,124.78,0,,opener,,match-data,,,,,,
5 No flag,IPL,V V S Laxman,"Deccan Chargers, Kochi Tuskers Kerala",20,282,15.67,105.62,0,,opener,middle-order,match-data,,,,,,
5 No flag,IPL,David Wiese,"Kolkata Knight Riders, Royal Challengers Bengaluru",18,148,29.6,146.53,16,8.92,all-rounder,middle-order,match-data,,,,,,
5 No flag,IPL,Donovan Ferreira,"Rajasthan Royals, Delhi Capitals",18,326,27.17,170.68,1,13.67,middle-order,,match-data,,,,,,
5 No flag,IPL,Mithilesh Mishra,"Deccan Chargers, Pune Warriors",18,237,14.81,113.94,0,,opener,middle-order,match-data,,,,,,
5 No flag,IPL,Rachin Ravindra,Chennai Super Kings,18,413,24.29,143.9,0,3.5,opener,,match-data,spin,kaggle,,,,
5 No flag,IPL,Ryan McLaren,"Mumbai Indians, Punjab Kings, Kolkata Knight Riders",18,159,19.88,92.98,12,9.19,all-rounder,fast-bowler / middle-order,match-data,pace,kaggle,,,,
5 No flag,IPL,K B Arun Karthick,"Chennai Super Kings, Royal Challengers Bengaluru",17,51,10.2,100,0,,middle-order,,match-data,spin,wikidata,,,,
5 No flag,IPL,Luke Pomersbach,"Punjab Kings, Royal Challengers Bengaluru",17,302,27.45,122.76,0,,middle-order,,match-data,spin,kaggle,,,,
5 No flag,IPL,Hashim Amla,Punjab Kings,16,577,44.38,141.77,0,,opener,,match-data,spin,kaggle,,,,
5 No flag,IPL,P R Shah,"Mumbai Indians, Rajasthan Royals",16,92,11.5,101.1,0,,wicketkeeper,middle-order,match-data (stumpings),,,,,,
5 No flag,IPL,Colin Ingram,Delhi Capitals,15,205,17.08,113.89,0,,middle-order,,match-data,spin,kaggle,,,,
5 No flag,IPL,Daryl Mitchell,"Rajasthan Royals, Chennai Super Kings",15,351,27,131.46,1,12.13,middle-order,,match-data,pace,kaggle,,,,
5 No flag,IPL,Jake Fraser-McGurk,Delhi Capitals,15,385,25.67,199.48,0,,opener,,match-data,spin,kaggle,,,,
5 No flag,IPL,Kyle Jamieson,"Royal Challengers Bengaluru, Punjab Kings, Delhi Capitals",15,77,15.4,105.48,16,10.12,fast-bowler,,test-data,pace,test-data,,,,
5 No flag,IPL,Aksh Deep Nath,"Gujarat Lions, Punjab Kings, Royal Challengers Bengaluru",14,90,9,91.84,0,,middle-order,,match-data,pace,kaggle,,,,
5 No flag,IPL,Cooper Connolly,Punjab Kings,14,491,44.64,163.12,0,,middle-order,,match-data,spin,kaggle,,,,
5 No flag,IPL,Glenn McGrath,Delhi Capitals,14,4,4,80,12,6.61,fast-bowler,,test-data,pace,test-data,,,,
5 No flag,IPL,Glenn Phillips,"Rajasthan Royals, Sunrisers Hyderabad, Gujarat Titans",14,132,12,121.1,2,8,wicketkeeper,middle-order,test-data,,,,,,
5 No flag,IPL,Salil Arora,Sunrisers Hyderabad,14,156,22.29,159.18,0,,middle-order,,match-data,,,,,,
5 No flag,IPL,A Mhatre,Chennai Super Kings,13,441,33.92,183.75,0,,middle-order,opener,match-data,,,,,,
5 No flag,IPL,Bhanuka Rajapaksa,Punjab Kings,13,277,23.08,145.03,0,,middle-order,,match-data,pace,kaggle,,,,
5 No flag,IPL,Chaminda Vaas,Deccan Chargers,13,81,10.13,110.96,18,7.55,fast-bowler,,test-data,pace,test-data,,,,
5 No flag,IPL,Colin Munro,"Delhi Capitals, Kolkata Knight Riders",13,177,14.75,125.53,0,7.5,middle-order,opener,match-data,pace,kaggle,,,,
5 No flag,IPL,Kyle Mayers,Lucknow Super Giants,13,379,29.15,144.11,0,8.43,opener,,match-data,pace,kaggle,,,,
5 No flag,IPL,Martin Guptill,"Punjab Kings, Sunrisers Hyderabad, Mumbai Indians",13,270,22.5,137.76,0,,opener,,match-data,spin,kaggle,,,,
5 No flag,IPL,Paras Dogra,"Rajasthan Royals, Punjab Kings, Kolkata Knight Riders",13,127,11.55,92.03,0,,middle-order,,match-data,spin,kaggle,,,,
5 No flag,IPL,Raiphi Vincent Gomez,"Kochi Tuskers Kerala, Pune Warriors",13,50,10,98.04,5,8.06,middle-order,,match-data,pace,kaggle,,,,
5 No flag,IPL,Shaun Pollock,Mumbai Indians,13,147,18.38,132.43,11,6.54,all-rounder,fast-bowler / middle-order,match-data,pace,test-data,,,,
5 No flag,IPL,Akshath Reddy,"Deccan Chargers, Sunrisers Hyderabad",12,164,16.4,102.5,0,,opener,,match-data,spin,kaggle,,,,
5 No flag,IPL,Aman Hakim Khan,"Kolkata Knight Riders, Delhi Capitals",12,115,12.78,110.58,0,13,middle-order,,match-data,spin,kaggle,,,,
5 No flag,IPL,Faiz Fazal,Rajasthan Royals,12,183,18.3,105.78,0,10,middle-order,,match-data,,,,,,
5 No flag,IPL,Michael Lumb,"Rajasthan Royals, Deccan Chargers",12,278,23.17,143.3,0,,opener,,match-data,pace,kaggle,,,,
5 No flag,IPL,Scott Styris,"Deccan Chargers, Chennai Super Kings",12,131,18.71,98.5,8,7.67,all-rounder,fast-bowler / middle-order,match-data,pace,kaggle,,,,
5 No flag,IPL,Suryansh Shedge,Punjab Kings,12,165,23.57,163.37,0,13.33,middle-order,,match-data,,,,,,
5 No flag,IPL,WA Mota,Punjab Kings,12,56,9.33,74.67,4,8.08,middle-order,,match-data,,,,,,
5 No flag,IPL,Finn Allen,Kolkata Knight Riders,11,349,34.9,214.11,0,,opener,,match-data,,,,,,
5 No flag,IPL,Harry Brook,Sunrisers Hyderabad,11,190,21.11,123.38,0,,middle-order,opener,match-data,pace,kaggle,,,,
5 No flag,IPL,Kartik Sharma,Chennai Super Kings,11,295,32.78,136.57,0,,middle-order,,match-data,,,,,,
5 No flag,IPL,Sachin Rana,"Pune Warriors, Royal Challengers Bengaluru",11,91,22.75,112.35,0,6.75,middle-order,,match-data,pace,kaggle,,,,
5 No flag,IPL,Siddharth Chitnis,"Mumbai Indians, Rajasthan Royals, Punjab Kings",11,99,14.14,111.24,2,10,middle-order,,match-data,spin,kaggle,,,,
5 No flag,IPL,Simon Katich,Punjab Kings,11,241,24.1,129.57,0,,opener,middle-order,match-data,spin,kaggle,,,,
5 No flag,IPL,Suyash Prabhudessai,Royal Challengers Bengaluru,11,126,12.6,118.87,0,,middle-order,,match-data,,,,,,
5 No flag,IPL,Andrew McDonald,"Delhi Capitals, Royal Challengers Bengaluru",10,123,24.6,123,11,8.42,all-rounder,fast-bowler / middle-order,match-data,pace,kaggle,,,,
5 No flag,IPL,Atharva Taide,"Punjab Kings, Sunrisers Hyderabad",10,260,26,146.89,0,24,opener,middle-order,match-data,spin,kaggle,,,,
5 No flag,IPL,Dasun Shanaka,"Gujarat Titans, Rajasthan Royals",10,89,12.71,123.61,1,10,middle-order,,match-data,pace,kaggle,,,,
5 No flag,IPL,Dilhara Fernando,Mumbai Indians,10,4,,133.33,17,7.64,fast-bowler,,test-data,pace,test-data,,,,
5 No flag,IPL,James Pattinson,Mumbai Indians,10,15,15,115.38,11,9.01,fast-bowler,,test-data,pace,test-data,,,,
5 No flag,IPL,Mukesh Choudhary,Lucknow Super Giants,10,170,28.33,141.67,0,,middle-order,,match-data,pace,kaggle,,,,
5 No flag,IPL,N R SAINI,Punjab Kings,10,140,14,99.29,0,,middle-order,opener,match-data,,,,,,
5 No flag,IPL,Pathum Nissanka,Delhi Capitals,10,278,27.8,158.86,0,,opener,,match-data,,,,,,
5 No flag,IPL,Ricky Ponting,"Kolkata Knight Riders, Mumbai Indians",10,91,10.11,71.09,0,,opener,,match-data,pace,kaggle,,,,
5 No flag,IPL,Stephen Fleming,Chennai Super Kings,10,196,21.78,118.79,0,,opener,,match-data,,,,,,
6 Your earlier decision,ODI,Shahid Afridi,Pakistan,398,8064,23.58,117.01,395,4.63,spinner,,owner,spin,owner,already your decision,all-rounder,,you said: all-rounder
6 Your earlier decision,ODI,Lance Klusener,South Africa,171,3576,41.1,89.92,192,4.7,all-rounder,fast-bowler / middle-order,owner,pace,owner,already your decision,,,
6 Your earlier decision,ODI,Azhar Mahmood,Pakistan,143,1521,18.11,76.51,123,4.63,all-rounder,fast-bowler / middle-order,owner,pace,kaggle,already your decision,,,
6 Your earlier decision,ODI,Kuldeep Yadav,India,123,215,9.77,50.63,200,5.08,spinner,,owner,spin,owner,already your decision,,,
6 Your earlier decision,ODI,Nicky Boje,South Africa,115,1414,26.68,88.71,95,4.51,spinner,,owner,spin,owner,already your decision,,,
6 Your earlier decision,ODI,Merwyn Dillon,West Indies,108,227,7.32,84.62,130,4.62,fast-bowler,,owner,pace,owner,already your decision,,,
6 Your earlier decision,ODI,Nuwan Zoysa,Sri Lanka,95,343,13.19,65.45,108,4.53,fast-bowler,,owner,pace,owner,already your decision,,,
6 Your earlier decision,ODI,Junaid Khan,Pakistan,76,68,4.86,53.54,110,5.36,fast-bowler,,owner,pace,owner,already your decision,,,
6 Your earlier decision,ODI,Naved-ul-Hasan,Pakistan,74,524,15.88,88.04,110,5.58,fast-bowler,,owner,pace,owner,already your decision,,,
6 Your earlier decision,ODI,Mohammad Irfan,Pakistan,60,48,4,32.21,83,4.92,fast-bowler,,owner,pace,owner,already your decision,,,
6 Your earlier decision,ODI,Douglas Hondo,Zimbabwe,56,127,7.47,31.82,61,5.47,fast-bowler,,owner,pace,owner,already your decision,,,
6 Your earlier decision,ODI,Andy Caddick,England,54,249,12.45,54.7,69,4.01,fast-bowler,,owner,pace,owner,already your decision,,,
6 Your earlier decision,ODI,Mluleki Nkala,Zimbabwe,50,324,10.8,71.43,22,5.95,fast-bowler,,owner,pace,owner,already your decision,,,
6 Your earlier decision,ODI,Mosaddeck Hossain,Bangladesh,49,801,28.61,88.14,19,5.09,all-rounder,spinner / middle-order,match-data,spin,owner,already your decision,,,
6 Your earlier decision,ODI,Douglas Marillier,Zimbabwe,48,672,18.16,71.14,30,4.71,spinner,,owner,spin,owner,already your decision,,,
6 Your earlier decision,ODI,Andre Adams,New Zealand,42,419,17.46,109.27,53,5.23,fast-bowler,,owner,pace,owner,already your decision,,,
6 Your earlier decision,ODI,Vasbert Drakes,West Indies,34,94,7.83,47.15,51,4.73,fast-bowler,,owner,pace,owner,already your decision,,,
6 Your earlier decision,ODI,Shabbir Ahmed,Pakistan,32,10,1.67,40,33,4.36,fast-bowler,,owner,pace,owner,already your decision,,,
6 Your earlier decision,ODI,C Bandara,Sri Lanka,31,160,12.31,71.82,36,5.03,fast-bowler,,owner,pace,owner,already your decision,,,
6 Your earlier decision,ODI,Prasidh Krishna,India,30,2,0.67,10,53,5.98,fast-bowler,,owner,pace,owner,already your decision,,,
6 Your earlier decision,ODI,Mohammad Wasim Jr,Pakistan,27,94,8.55,93.07,43,5.48,fast-bowler,,owner,pace,owner,already your decision,,,
6 Your earlier decision,ODI,Brad Williams,Australia,25,27,13.5,58.33,35,4.06,fast-bowler,,owner,pace,owner,already your decision,,,
6 Your earlier decision,ODI,Kaushal Lokuarachchi,Sri Lanka,21,210,14,76.28,31,4.3,spinner,,owner,spin,owner,already your decision,,,
6 Your earlier decision,ODI,Tanvir Islam,Bangladesh,14,47,5.88,64.58,20,4.53,spinner,,owner,spin,owner,already your decision,,,
6 Your earlier decision,ODI,Alexander Wharf,England,13,19,9.5,67.86,18,4.4,fast-bowler,,owner,pace,owner,already your decision,,,
6 Your earlier decision,ODI,Mahedi Hasan,Bangladesh,12,125,13.89,63.45,15,4.83,spinner,,owner,spin,owner,already your decision,,,
6 Your earlier decision,ODI,Khaleel Ahmed,India,11,9,4.5,50,15,5.81,fast-bowler,,owner,pace,owner,already your decision,,,
6 Your earlier decision,ODI,Shamar Joseph,West Indies,10,48,48,94.44,5,6.41,fast-bowler,,owner,pace,owner,already your decision,,,
6 Your earlier decision,T20I,Shahid Afridi,Pakistan,99,1416,17.92,150,98,6.63,spinner,,owner,spin,owner,already your decision,all-rounder,,you said: all-rounder
6 Your earlier decision,T20I,Mahedi Hasan,Bangladesh,76,467,13.74,104.01,75,6.82,spinner,,owner,spin,owner,already your decision,,,
6 Your earlier decision,T20I,Kuldeep Yadav,India,54,48,8,67.61,95,6.95,spinner,,owner,spin,owner,already your decision,,,
6 Your earlier decision,T20I,Varun Chakravarthy,India,49,8,1.6,36.36,75,7.59,spinner,,owner,spin,owner,already your decision,,,
6 Your earlier decision,T20I,Mohammad Wasim Jr,Pakistan,34,53,13.25,75.86,42,8.25,fast-bowler,,owner,pace,owner,already your decision,,,
6 Your earlier decision,T20I,Mosaddeck Hossain,Bangladesh,29,297,15.63,111.24,15,7.29,spinner,,owner,spin,owner,already your decision,,,
6 Your earlier decision,T20I,Kesrick Williams,West Indies,26,19,6.33,111.76,41,8.77,fast-bowler,,owner,pace,owner,already your decision,,,
6 Your earlier decision,T20I,Avesh Khan,India,25,27,13.5,135,27,9.04,fast-bowler,,owner,pace,owner,already your decision,,,
6 Your earlier decision,T20I,Harshal Patel,India,25,77,12.83,135.09,29,9.18,fast-bowler,,owner,pace,owner,already your decision,,,
6 Your earlier decision,T20I,Shamar Joseph,West Indies,25,43,43,177.27,37,9.16,fast-bowler,,owner,pace,owner,already your decision,,,
6 Your earlier decision,T20I,Mohammad Irfan,Pakistan,22,4,,50,16,7.44,fast-bowler,,owner,pace,owner,already your decision,,,
6 Your earlier decision,T20I,Trevor Gwandu,Zimbabwe,21,16,8,72.73,16,8.42,fast-bowler,,owner,pace,owner,already your decision,,,
6 Your earlier decision,T20I,Khaleel Ahmed,India,18,1,,50,16,8.52,fast-bowler,,owner,pace,owner,already your decision,,,
6 Your earlier decision,T20I,Mukesh Kumar,India,17,5,5,100,20,9.02,fast-bowler,,owner,pace,owner,already your decision,,,
6 Your earlier decision,T20I,Nqabayomzi Peter,South Africa,14,29,14.5,116,10,9.48,spinner,,owner,spin,owner,already your decision,,,
6 Your earlier decision,T20I,Spencer Johnson,Australia,11,0,0,0,17,8.48,fast-bowler,,owner,pace,owner,already your decision,,,
6 Your earlier decision,IPL,Rashid Khan,"Sunrisers Hyderabad, Gujarat Titans",153,635,13.8,156.4,179,7.28,spinner,,owner,spin,owner,already your decision,,,
6 Your earlier decision,IPL,Harshal Patel,"Royal Challengers Bengaluru, Delhi Capitals, Punjab Kings, Sunrisers Hyderabad",123,280,8.75,117.65,151,8.92,fast-bowler,,owner,pace,owner,already your decision,,,
6 Your earlier decision,IPL,Kuldeep Yadav,"Kolkata Knight Riders, Delhi Capitals",111,210,11.67,83,112,8.29,spinner,,owner,spin,owner,already your decision,,,
6 Your earlier decision,IPL,Varun Chakravarthy,"Punjab Kings, Kolkata Knight Riders",94,31,5.17,58.49,111,7.72,spinner,,owner,spin,owner,already your decision,,,
6 Your earlier decision,IPL,Avesh Khan,"Royal Challengers Bengaluru, Delhi Capitals, Lucknow Super Giants, Rajasthan Royals",82,68,17,158.14,93,9.28,fast-bowler,,owner,pace,owner,already your decision,,,
6 Your earlier decision,IPL,Prasidh Krishna,"Kolkata Knight Riders, Rajasthan Royals, Gujarat Titans",78,15,5,48.39,90,8.99,fast-bowler,,owner,pace,owner,already your decision,,,
6 Your earlier decision,IPL,Khaleel Ahmed,"Sunrisers Hyderabad, Delhi Capitals, Chennai Super Kings",76,2,0.4,22.22,91,8.96,fast-bowler,,owner,pace,owner,already your decision,,,
6 Your earlier decision,IPL,SK Trivedi,Rajasthan Royals,76,42,6,71.19,65,7.59,fast-bowler,,owner,pace,owner,already your decision,,,
6 Your earlier decision,IPL,Rahul Sharma,"Deccan Chargers, Pune Warriors, Delhi Capitals",44,66,4.71,88,40,7.02,spinner,,owner,spin,owner,already your decision,,,
6 Your earlier decision,IPL,Mukesh Kumar,Delhi Capitals,42,10,10,55.56,42,10.59,fast-bowler,,owner,pace,owner,already your decision,,,
6 Your earlier decision,IPL,Rishi Dhawan,"Punjab Kings, Mumbai Indians",39,210,19.09,112.3,25,8.08,fast-bowler,,owner,pace,owner,already your decision,,,
6 Your earlier decision,IPL,Sreenath Aravind,Royal Challengers Bengaluru,38,59,14.75,103.51,45,8.2,fast-bowler,,owner,pace,owner,already your decision,,,
6 Your earlier decision,IPL,Harmeet Singh,"Deccan Chargers, Punjab Kings",27,18,4.5,150,26,7.97,fast-bowler,,owner,pace,owner,already your decision,,,
6 Your earlier decision,IPL,A Kamboj,"Mumbai Indians, Chennai Super Kings",25,74,24.67,142.31,31,9.97,fast-bowler,,owner,pace,owner,already your decision,,,
6 Your earlier decision,IPL,KK Cooper,Rajasthan Royals,25,116,12.89,170.59,33,7.89,fast-bowler,,owner,pace,owner,already your decision,,,
6 Your earlier decision,IPL,A Singh,Rajasthan Royals,23,2,0.5,20,28,7.86,fast-bowler,,owner,pace,owner,already your decision,,,
6 Your earlier decision,IPL,Azhar Mahmood,"Punjab Kings, Kolkata Knight Riders",23,388,20.42,128.05,29,7.82,all-rounder,fast-bowler / middle-order,owner,pace,kaggle,already your decision,,,
6 Your earlier decision,IPL,Digvesh Rathi,Lucknow Super Giants,23,3,3,37.5,19,9.08,spinner,,owner,spin,owner,already your decision,,,
6 Your earlier decision,IPL,Prince Yadav,Lucknow Super Giants,20,5,,45.45,19,9.14,fast-bowler,,owner,pace,owner,already your decision,,,
6 Your earlier decision,IPL,Vikram Singh,Punjab Kings,19,4,2,133.33,12,9.03,fast-bowler,,owner,pace,owner,already your decision,,,
6 Your earlier decision,IPL,Vipraj Nigam,Delhi Capitals,19,157,19.63,176.4,13,9.77,spinner,,owner,spin,owner,already your decision,,,
6 Your earlier decision,IPL,Abu Nechim Ahmed,"Mumbai Indians, Royal Challengers Bengaluru",17,36,36,138.46,12,8.69,fast-bowler,,owner,pace,owner,already your decision,,,
6 Your earlier decision,IPL,Joginder Sharma,Chennai Super Kings,16,36,9,120,12,9.82,fast-bowler,,owner,pace,owner,already your decision,,,
6 Your earlier decision,IPL,Amal Thomas,Pune Warriors,15,20,10,105.26,14,7.73,fast-bowler,,owner,pace,owner,already your decision,,,
6 Your earlier decision,IPL,B Akhil,"Royal Challengers Bengaluru, Kochi Tuskers Kerala",15,76,12.67,138.18,6,7.72,fast-bowler,,owner,pace,owner,already your decision,,,
6 Your earlier decision,IPL,SJ Srivastava,Punjab Kings,14,5,5,100,14,9.38,fast-bowler,,owner,pace,owner,already your decision,,,
6 Your earlier decision,IPL,Brijesh Sharma,Rajasthan Royals,13,2,,50,14,9.89,fast-bowler,,owner,pace,owner,already your decision,,,
6 Your earlier decision,IPL,Shivang Kumar,Sunrisers Hyderabad,13,53,8.83,115.22,9,9.62,spinner,,owner,spin,owner,already your decision,,,
6 Your earlier decision,IPL,Spencer Johnson,"Gujarat Titans, Kolkata Knight Riders, Chennai Super Kings",12,8,8,66.67,7,10.33,fast-bowler,,owner,pace,owner,already your decision,,,
6 Your earlier decision,IPL,Josh Little,Gujarat Titans,11,0,,,11,8.92,fast-bowler,,owner,pace,owner,already your decision,,,
6 Your earlier decision,IPL,Shahid Afridi,Deccan Chargers,10,81,10.13,176.09,9,7.5,spinner,,owner,spin,owner,already your decision,all-rounder,,you said: all-rounder
